SOURCE_SCOPE,VAX_MANU,lot,vax_rows,reports,death_reports,hospital_reports,life_threat_reports,disability_reports,serious_reports,death_pct,hospital_pct,serious_pct,mean_age,median_age,states_reported,first_received,last_received
NONDOMESTIC,PFIZER\BIONTECH,FE6208,12324,12323,22,162,50,177,356,0.179,1.315,2.889,40.25,39.0,1,01/04/2022,12/31/2021
NONDOMESTIC,PFIZER\BIONTECH,FD6840,12122,12118,17,178,56,185,377,0.14,1.469,3.111,42.28,41.0,1,01/04/2022,12/31/2021
NONDOMESTIC,PFIZER\BIONTECH,FD4555,9064,9061,15,238,61,201,459,0.166,2.627,5.066,45.19,46.0,1,01/03/2023,12/31/2021
NONDOMESTIC,PFIZER\BIONTECH,FD0168,8495,8495,28,194,23,46,262,0.33,2.284,3.084,44.69,45.5,1,01/03/2023,12/31/2021
DOMESTIC,MODERNA,039K20A,7288,7005,175,306,64,71,492,2.498,4.368,7.024,51.08,51.0,48,01/01/2021,12/31/2021
NONDOMESTIC,PFIZER\BIONTECH,FD1921,6702,6699,16,151,53,63,245,0.239,2.254,3.657,47.83,48.5,1,01/04/2022,12/31/2021
NONDOMESTIC,PFIZER\BIONTECH,FF0680,6602,6601,20,178,57,130,336,0.303,2.697,5.09,38.91,38.5,1,01/02/2024,12/30/2022
DOMESTIC,MODERNA,013L20A,5834,5596,128,332,56,90,484,2.287,5.933,8.649,55.8,56.0,50,01/01/2022,12/31/2021
NONDOMESTIC,PFIZER\BIONTECH,FF3318,5501,5498,13,201,42,102,320,0.236,3.656,5.82,37.85,36.0,1,01/01/2025,12/31/2021
DOMESTIC,MODERNA,026L20A,5313,5028,68,282,52,65,391,1.352,5.609,7.776,50.88,50.0,51,01/01/2021,12/31/2021
DOMESTIC,MODERNA,011J20A,4998,4754,50,228,51,50,313,1.052,4.796,6.584,48.62,48.0,51,01/01/2021,12/31/2021
DOMESTIC,PFIZER\BIONTECH,EK9231,4906,4371,81,304,62,104,476,1.853,6.955,10.89,46.59,45.0,47,01/01/2021,12/31/2021
DOMESTIC,PFIZER\BIONTECH,EK5730,5048,4330,29,261,88,86,369,0.67,6.028,8.522,45.49,44.0,52,01/01/2021,12/31/2021
DOMESTIC,PFIZER\BIONTECH,ER2613,4546,4169,112,773,100,110,926,2.686,18.542,22.212,51.79,54.0,47,01/01/2022,12/31/2021
DOMESTIC,PFIZER\BIONTECH,EH9899,4629,4003,44,210,72,82,327,1.099,5.246,8.169,45.27,44.0,57,01/01/2021,12/31/2020
DOMESTIC,MODERNA,012L20A,4095,3926,227,373,50,56,599,5.782,9.501,15.257,56.01,56.0,46,01/01/2021,12/31/2023
DOMESTIC,PFIZER\BIONTECH,EN6201,4298,3881,311,1013,111,144,1252,8.013,26.102,32.26,63.86,68.0,52,01/02/2022,12/31/2021
DOMESTIC,MODERNA,004M20A,3962,3874,136,309,40,34,421,3.511,7.976,10.867,61.69,66.0,51,01/01/2022,12/31/2021
DOMESTIC,MODERNA,029L20A,3954,3789,96,297,42,58,427,2.534,7.838,11.269,57.03,58.0,52,01/01/2022,12/31/2021
NONDOMESTIC,PFIZER\BIONTECH,FC2473,3736,3736,12,66,28,14,102,0.321,1.767,2.73,47.26,44.5,1,01/04/2022,12/31/2021
DOMESTIC,PFIZER\BIONTECH,EN5318,4037,3615,274,741,105,103,964,7.58,20.498,26.667,60.35,64.0,52,01/01/2022,12/31/2023
DOMESTIC,MODERNA,025L20A,3743,3564,94,178,51,41,290,2.637,4.994,8.137,51.83,50.0,43,01/01/2021,12/31/2021
DOMESTIC,PFIZER\BIONTECH,EN6205,4010,3563,154,730,98,148,914,4.322,20.488,25.653,58.37,62.0,52,01/01/2022,12/31/2021
NONDOMESTIC,PFIZER\BIONTECH,FE8244,3559,3559,16,164,23,25,206,0.45,4.608,5.788,37.13,36.0,1,01/02/2024,12/31/2021
DOMESTIC,PFIZER\BIONTECH,EN6207,3873,3516,171,872,110,153,1054,4.863,24.801,29.977,56.34,59.0,53,01/01/2022,12/31/2021
DOMESTIC,PFIZER\BIONTECH,ER8732,3844,3497,100,692,100,101,841,2.86,19.788,24.049,51.98,53.0,50,01/01/2022,12/31/2022
DOMESTIC,PFIZER\BIONTECH,EN6200,3772,3390,261,891,98,118,1100,7.699,26.283,32.448,63.67,67.0,48,01/01/2022,12/31/2021
DOMESTIC,PFIZER\BIONTECH,FK5127,3566,3362,4,118,22,26,131,0.119,3.51,3.896,10.29,9.0,54,01/01/2022,12/31/2021
DOMESTIC,PFIZER\BIONTECH,EN6208,3703,3359,132,628,93,116,801,3.93,18.696,23.846,56.23,58.0,48,01/01/2022,12/31/2021
DOMESTIC,PFIZER\BIONTECH,ER8733,3696,3353,79,530,94,142,675,2.356,15.807,20.131,48.93,51.0,48,01/01/2022,12/29/2022
DOMESTIC,MODERNA,007M20A,3478,3333,116,290,32,46,421,3.48,8.701,12.631,59.84,64.0,50,01/01/2022,12/31/2021
DOMESTIC,PFIZER\BIONTECH,EN6202,3652,3313,204,903,96,108,1069,6.158,27.256,32.267,60.79,65.0,47,01/01/2022,12/31/2022
DOMESTIC,MODERNA,031L20A,3383,3304,153,373,33,54,501,4.631,11.289,15.163,61.19,66.0,51,01/02/2022,12/31/2021
DOMESTIC,MODERNA,027L20A,3355,3283,101,246,19,24,339,3.076,7.493,10.326,54.01,53.0,43,01/01/2022,12/31/2021
DOMESTIC,PFIZER\BIONTECH,EL3247,3607,3282,78,294,44,71,403,2.377,8.958,12.279,51.78,50.0,50,01/01/2022,12/31/2021
DOMESTIC,PFIZER\BIONTECH,EN6198,3543,3254,244,753,92,110,948,7.498,23.141,29.133,62.76,66.0,51,01/01/2022,12/31/2021
DOMESTIC,MODERNA,041L20A,3403,3242,93,242,52,53,342,2.869,7.465,10.549,56.27,58.0,41,01/02/2026,12/31/2021
DOMESTIC,PFIZER\BIONTECH,EP6955,3526,3214,103,527,107,115,655,3.205,16.397,20.38,51.1,52.0,52,01/01/2022,12/31/2025
DOMESTIC,MODERNA,037K20A,3408,3211,87,253,41,39,357,2.709,7.879,11.118,51.52,49.0,39,01/01/2021,12/31/2021
DOMESTIC,PFIZER\BIONTECH,EW0150,3568,3183,73,736,78,130,857,2.293,23.123,26.924,48.52,50.0,48,01/01/2022,12/31/2021
DOMESTIC,MODERNA,030L20A,3253,3126,140,320,65,64,438,4.479,10.237,14.012,58.48,61.5,52,01/02/2022,12/31/2021
DOMESTIC,MODERNA,011L20A,3226,3080,60,202,42,53,286,1.948,6.558,9.286,52.49,52.0,52,01/01/2021,12/31/2021
DOMESTIC,MODERNA,013M20A,3175,3067,117,307,58,46,439,3.815,10.01,14.314,61.93,66.0,50,01/01/2022,12/31/2021
NONDOMESTIC,PFIZER\BIONTECH,EK9788,3073,3064,143,592,128,185,906,4.667,19.321,29.569,51.37,49.0,1,01/04/2022,12/31/2022
DOMESTIC,PFIZER\BIONTECH,ER8727,3330,3016,122,545,102,123,690,4.045,18.07,22.878,52.79,54.0,51,01/01/2022,12/31/2021
DOMESTIC,JANSSEN,043A21A,3344,2998,122,390,120,74,563,4.069,13.009,18.779,46.47,47.0,52,01/01/2022,12/31/2021
DOMESTIC,PFIZER\BIONTECH,EL1284,3419,2990,98,283,67,79,413,3.278,9.465,13.813,49.34,48.0,50,01/01/2021,12/31/2020
DOMESTIC,PFIZER\BIONTECH,EL1283,3284,2980,89,404,78,96,536,2.987,13.557,17.987,51.91,50.0,50,01/01/2022,12/31/2021
DOMESTIC,PFIZER\BIONTECH,EN6206,3274,2951,84,607,74,122,727,2.846,20.569,24.636,55.65,58.0,51,01/01/2022,12/31/2021
DOMESTIC,PFIZER\BIONTECH,EJ1685,3490,2942,62,180,66,79,307,2.107,6.118,10.435,45.47,44.0,48,01/01/2021,12/31/2020
DOMESTIC,MODERNA,028L20A,3064,2938,55,209,49,61,292,1.872,7.114,9.939,55.85,58.0,39,01/02/2022,12/31/2021
DOMESTIC,JANSSEN,042A21A,3253,2868,137,502,111,89,654,4.777,17.503,22.803,47.18,47.0,51,01/01/2022,12/31/2021
DOMESTIC,PFIZER\BIONTECH,EN6204,3172,2861,133,569,98,106,721,4.649,19.888,25.201,55.81,59.0,55,01/01/2022,12/30/2021
DOMESTIC,PFIZER\BIONTECH,EN6199,3172,2859,138,624,90,114,765,4.827,21.826,26.758,57.61,60.0,52,01/01/2022,12/31/2021
DOMESTIC,PFIZER\BIONTECH,ER8729,3110,2852,49,369,65,112,466,1.718,12.938,16.339,45.04,46.0,52,01/01/2022,12/31/2023
DOMESTIC,PFIZER\BIONTECH,EN6203,3167,2848,126,572,101,108,701,4.424,20.084,24.614,59.36,63.0,52,01/01/2022,12/31/2022
DOMESTIC,MODERNA,025J202A,3060,2846,49,117,27,45,196,1.722,4.111,6.887,47.42,46.0,37,01/01/2021,12/31/2020
DOMESTIC,MODERNA,012M20A,2980,2845,105,302,54,64,411,3.691,10.615,14.446,60.73,65.0,50,01/01/2022,12/31/2021
NONDOMESTIC,JANSSEN,XE393,2795,2785,8,28,12,21,57,0.287,1.005,2.047,30.22,27.0,1,01/03/2022,12/31/2021
DOMESTIC,PFIZER\BIONTECH,EW0151,3010,2781,61,327,70,83,423,2.193,11.758,15.21,46.72,48.0,52,01/01/2022,12/30/2022
DOMESTIC,PFIZER\BIONTECH,EP7534,3027,2754,91,490,65,120,638,3.304,17.792,23.166,53.33,55.0,48,01/01/2022,12/31/2021
DOMESTIC,PFIZER\BIONTECH,EL3249,3034,2738,156,494,38,59,637,5.698,18.042,23.265,55.8,54.0,50,01/02/2022,12/30/2021
DOMESTIC,PFIZER\BIONTECH,EW0172,3077,2718,53,574,60,93,681,1.95,21.118,25.055,42.49,42.0,50,01/01/2022,12/31/2021
DOMESTIC,PFIZER\BIONTECH,ER8737,2950,2677,124,447,80,132,609,4.632,16.698,22.749,49.24,50.0,46,01/01/2022,12/31/2021
DOMESTIC,PFIZER\BIONTECH,ER8730,2901,2642,76,382,64,90,500,2.877,14.459,18.925,49.74,51.0,50,01/02/2022,12/31/2021
DOMESTIC,PFIZER\BIONTECH,EL9261,2942,2634,232,667,71,58,831,8.808,25.323,31.549,60.36,63.0,51,01/01/2022,12/31/2021
NONDOMESTIC,PFIZER\BIONTECH,FC0681,2611,2611,26,168,47,133,323,0.996,6.434,12.371,46.75,47.0,1,01/04/2022,12/31/2021
DOMESTIC,MODERNA,010M20A,2701,2607,122,361,33,52,475,4.68,13.847,18.22,60.48,65.0,50,01/02/2022,12/31/2021
DOMESTIC,PFIZER\BIONTECH,ER8734,2909,2577,77,374,92,93,489,2.988,14.513,18.976,47.97,49.0,51,01/01/2022,12/31/2021
DOMESTIC,PFIZER\BIONTECH,EL3248,2794,2553,161,343,49,59,488,6.306,13.435,19.115,52.81,51.0,46,01/01/2022,12/30/2020
DOMESTIC,MODERNA,042L20A,2683,2551,52,164,49,53,224,2.038,6.429,8.781,55.47,57.0,46,01/02/2022,12/31/2021
DOMESTIC,PFIZER\BIONTECH,EL3246,2876,2549,66,225,50,88,335,2.589,8.827,13.142,51.51,50.0,48,01/01/2021,12/31/2021
DOMESTIC,PFIZER\BIONTECH,EP7533,2874,2549,84,434,68,103,555,3.295,17.026,21.773,49.36,51.0,53,01/02/2022,12/30/2021
DOMESTIC,PFIZER\BIONTECH,FK5618,2691,2519,6,89,17,14,103,0.238,3.533,4.089,9.79,9.0,52,01/01/2022,12/31/2021
DOMESTIC,PFIZER\BIONTECH,EL9262,2783,2463,64,333,64,87,433,2.598,13.52,17.58,59.12,63.0,44,01/01/2022,12/30/2022
NONDOMESTIC,PFIZER\BIONTECH,ER1741,2473,2459,20,204,89,317,529,0.813,8.296,21.513,49.69,49.0,1,01/03/2023,12/31/2024
DOMESTIC,PFIZER\BIONTECH,EL8982,2646,2433,109,330,63,81,444,4.48,13.564,18.249,56.76,58.0,50,01/01/2022,12/30/2021
DOMESTIC,PFIZER\BIONTECH,EW0153,2679,2417,52,374,64,97,476,2.151,15.474,19.694,45.74,47.0,51,01/01/2022,12/31/2021
DOMESTIC,PFIZER\BIONTECH,ER8735,2638,2390,59,330,61,82,430,2.469,13.808,17.992,42.82,42.0,52,01/02/2022,12/31/2021
DOMESTIC,PFIZER\BIONTECH,EW0162,2650,2384,45,466,61,101,550,1.888,19.547,23.07,45.39,46.0,48,01/03/2022,12/31/2021
DOMESTIC,PFIZER\BIONTECH,EW0179,2688,2364,32,500,52,75,571,1.354,21.151,24.154,41.58,41.0,48,01/02/2022,12/30/2021
DOMESTIC,MODERNA,014M20A,2441,2360,34,144,30,44,194,1.441,6.102,8.22,58.22,63.0,42,01/02/2022,12/31/2021
DOMESTIC,PFIZER\BIONTECH,EW0164,2531,2349,30,406,45,65,469,1.277,17.284,19.966,44.9,45.0,49,01/01/2022,12/31/2021
DOMESTIC,PFIZER\BIONTECH,EW0158,2566,2346,51,460,59,60,540,2.174,19.608,23.018,46.38,46.0,52,01/01/2022,12/30/2022
DOMESTIC,PFIZER\BIONTECH,GH9693,2401,2332,31,387,20,23,416,1.329,16.595,17.839,53.94,58.0,52,01/03/2023,12/31/2022
DOMESTIC,MODERNA,024M20A,2416,2317,130,336,56,55,443,5.611,14.502,19.12,61.05,66.0,50,01/02/2022,12/31/2021
DOMESTIC,PFIZER\BIONTECH,EW0173,2443,2292,21,221,29,65,289,0.916,9.642,12.609,40.3,39.0,43,01/01/2022,12/31/2021
DOMESTIC,MODERNA,030M20A,2349,2279,109,214,44,47,339,4.783,9.39,14.875,62.46,67.0,47,01/01/2022,12/31/2021
DOMESTIC,MODERNA,016M20A,2363,2277,105,254,36,41,356,4.611,11.155,15.635,59.55,64.0,51,01/01/2022,12/30/2022
NONDOMESTIC,PFIZER\BIONTECH,EM0477,2254,2240,236,518,108,151,894,10.536,23.125,39.911,55.62,53.0,1,01/03/2022,12/31/2022
DOMESTIC,PFIZER\BIONTECH,EW0171,2476,2229,79,343,58,79,443,3.544,15.388,19.874,42.5,43.0,49,01/03/2022,12/31/2022
NONDOMESTIC,PFIZER\BIONTECH,EJ6797,2234,2211,76,241,53,148,471,3.437,10.9,21.303,46.21,45.5,1,01/04/2022,12/31/2021
DOMESTIC,MODERNA,031M20A,2302,2211,130,249,48,41,382,5.88,11.262,17.277,63.07,67.0,49,01/01/2022,12/30/2021
DOMESTIC,MODERNA,032L20A,2297,2201,53,204,48,46,263,2.408,9.269,11.949,58.37,61.0,49,01/03/2022,12/31/2021
DOMESTIC,MODERNA,011A21A,2282,2199,68,279,33,50,366,3.092,12.688,16.644,61.21,65.0,48,01/02/2022,12/31/2021
DOMESTIC,PFIZER\BIONTECH,EL0142,2467,2195,78,190,63,48,297,3.554,8.656,13.531,50.84,49.0,46,01/01/2021,12/31/2021
DOMESTIC,PFIZER\BIONTECH,ER8731,2435,2188,59,349,91,105,452,2.697,15.951,20.658,45.63,46.0,50,01/01/2022,12/31/2021
DOMESTIC,PFIZER\BIONTECH,EW0169,2374,2188,69,393,57,83,495,3.154,17.962,22.623,43.98,44.0,48,01/01/2022,12/31/2021
DOMESTIC,MODERNA,044A21A,2249,2182,62,328,45,44,407,2.841,15.032,18.653,57.3,61.0,48,01/01/2022,12/31/2021
NONDOMESTIC,PFIZER\BIONTECH,EW4109,2174,2170,10,154,73,212,366,0.461,7.097,16.866,42.32,39.0,1,01/02/2024,12/31/2021
DOMESTIC,MODERNA,010A21A,2252,2155,163,409,39,55,516,7.564,18.979,23.944,61.28,65.0,47,01/02/2022,12/31/2022
DOMESTIC,JANSSEN,202A21A,2312,2134,61,196,50,51,267,2.858,9.185,12.512,44.18,44.0,44,01/01/2022,12/31/2021
DOMESTIC,PFIZER\BIONTECH,EW0161,2285,2127,41,236,73,63,317,1.928,11.095,14.904,44.71,45.0,52,01/01/2022,12/31/2021
DOMESTIC,PFIZER\BIONTECH,EJ1686,2306,2121,90,170,38,33,267,4.243,8.015,12.588,50.44,48.0,48,01/01/2021,12/31/2020
DOMESTIC,MODERNA,022M20A,2200,2118,209,315,37,52,479,9.868,14.873,22.616,63.47,67.0,44,01/01/2022,12/31/2021
DOMESTIC,MODERNA,015M20A,2172,2106,88,331,42,39,406,4.179,15.717,19.278,63.1,68.0,45,01/03/2022,12/31/2021
NONDOMESTIC,PFIZER\BIONTECH,FA4598,2104,2104,36,259,58,76,367,1.711,12.31,17.443,50.22,50.0,1,01/03/2023,12/31/2021
DOMESTIC,PFIZER\BIONTECH,ER8736,2259,2098,39,328,72,99,422,1.859,15.634,20.114,42.87,43.0,51,01/01/2022,12/31/2021
DOMESTIC,JANSSEN,201A21A,2270,2089,54,259,57,70,334,2.585,12.398,15.989,43.78,43.0,46,01/01/2022,12/31/2021
DOMESTIC,PFIZER\BIONTECH,EW0167,2226,2073,32,276,60,74,342,1.544,13.314,16.498,39.2,39.0,52,01/01/2023,12/31/2021
NONDOMESTIC,PFIZER\BIONTECH,ER1749,2094,2072,14,180,76,271,429,0.676,8.687,20.705,52.72,52.0,1,01/03/2023,12/31/2021
DOMESTIC,MODERNA,030A21A,2147,2070,91,482,37,31,559,4.396,23.285,27.005,63.27,66.0,41,01/02/2022,12/31/2021
DOMESTIC,MODERNA,023M20A,2159,2053,57,378,49,34,435,2.776,18.412,21.189,62.76,67.0,44,01/03/2022,12/30/2022
DOMESTIC,MODERNA,027A21A,2093,2051,51,255,47,54,338,2.487,12.433,16.48,57.96,61.0,49,01/01/2022,12/31/2021
DOMESTIC,MODERNA,026A21A,2093,2038,128,212,42,45,360,6.281,10.402,17.664,58.88,62.0,51,01/01/2022,12/31/2021
DOMESTIC,MODERNA,040A21A,2093,2034,94,297,23,31,373,4.621,14.602,18.338,55.22,58.0,47,01/02/2022,12/31/2021
DOMESTIC,MODERNA,011M20A,2092,2025,78,267,31,42,350,3.852,13.185,17.284,63.17,67.0,50,01/01/2023,12/30/2021
DOMESTIC,MODERNA,018B21A,2051,2003,49,247,32,27,302,2.446,12.332,15.077,52.21,54.0,41,01/01/2022,12/31/2022
DOMESTIC,PFIZER\BIONTECH,FF8841,2139,2002,40,248,47,38,307,1.998,12.388,15.335,50.43,52.0,52,01/01/2022,12/31/2021
DOMESTIC,MODERNA,026B21A,2772,1993,28,164,36,37,210,1.405,8.229,10.537,48.37,50.0,45,01/09/2022,12/30/2021
DOMESTIC,PFIZER\BIONTECH,FC3184,2127,1982,45,266,37,52,334,2.27,13.421,16.852,45.26,44.0,52,01/03/2022,12/31/2021
DOMESTIC,PFIZER\BIONTECH,EL9269,2185,1980,206,527,69,72,675,10.404,26.616,34.091,63.7,68.0,49,01/03/2022,12/31/2021
DOMESTIC,PFIZER\BIONTECH,EL0140,2309,1970,137,214,48,43,353,6.954,10.863,17.919,49.62,47.0,47,01/01/2021,12/31/2021
DOMESTIC,PFIZER\BIONTECH,EL9264,2157,1967,107,358,41,58,448,5.44,18.2,22.776,58.63,61.0,48,01/01/2022,12/31/2022
DOMESTIC,PFIZER\BIONTECH,EW0217,2130,1966,44,168,47,54,251,2.238,8.545,12.767,36.1,34.0,52,01/01/2022,12/31/2021
DOMESTIC,PFIZER\BIONTECH,FH8020,2036,1955,17,203,27,50,255,0.87,10.384,13.043,51.99,54.0,49,01/01/2023,12/31/2025
DOMESTIC,MODERNA,025J20A,2078,1952,29,124,18,27,167,1.486,6.352,8.555,49.52,48.0,44,01/01/2021,12/31/2023
DOMESTIC,PFIZER\BIONTECH,GH9694,2070,1945,21,155,28,30,191,1.08,7.969,9.82,58.68,64.0,53,01/02/2023,12/31/2022
DOMESTIC,MODERNA,036A21A,1996,1923,75,197,40,38,267,3.9,10.244,13.885,56.02,59.0,51,01/03/2022,12/30/2021
DOMESTIC,JANSSEN,205A21A,2114,1918,87,271,59,58,367,4.536,14.129,19.135,45.67,46.0,50,01/03/2022,12/31/2021
DOMESTIC,PFIZER\BIONTECH,EW0185,2099,1914,18,231,40,63,288,0.94,12.069,15.047,37.56,36.0,50,01/03/2022,12/31/2021
DOMESTIC,PFIZER\BIONTECH,GH9702,1957,1912,19,376,24,19,397,0.994,19.665,20.764,57.53,63.0,48,01/01/2023,12/31/2022
DOMESTIC,PFIZER\BIONTECH,EW0170,2086,1894,34,245,41,81,313,1.795,12.936,16.526,43.62,43.0,49,01/01/2022,12/31/2021
DOMESTIC,JANSSEN,1805018,2167,1890,85,312,69,55,402,4.497,16.508,21.27,51.78,53.0,47,01/03/2022,12/31/2021
DOMESTIC,JANSSEN,203A21A,2038,1888,47,205,40,51,270,2.489,10.858,14.301,42.75,42.0,48,01/02/2022,12/30/2021
DOMESTIC,MODERNA,031A21A,1918,1872,60,215,40,32,275,3.205,11.485,14.69,55.59,58.0,45,01/03/2022,12/30/2021
DOMESTIC,PFIZER\BIONTECH,EL3302,2144,1869,124,330,42,72,473,6.635,17.657,25.308,55.06,54.0,48,01/02/2022,12/31/2021
DOMESTIC,PFIZER\BIONTECH,FC3183,2042,1854,43,303,47,74,385,2.319,16.343,20.766,44.44,43.0,49,01/01/2022,12/31/2021
DOMESTIC,JANSSEN,206A21A,2014,1844,39,226,51,58,291,2.115,12.256,15.781,44.42,44.0,51,01/01/2022,12/31/2021
NONDOMESTIC,PFIZER\BIONTECH,FE7051,1844,1844,24,154,26,38,217,1.302,8.351,11.768,38.6,38.0,1,01/02/2024,12/30/2021
DOMESTIC,MODERNA,001B21A,1899,1834,32,187,32,39,232,1.745,10.196,12.65,57.09,61.0,46,01/05/2022,12/31/2021
DOMESTIC,MODERNA,016B21A,2381,1824,31,190,33,44,256,1.7,10.417,14.035,50.33,53.0,39,01/02/2022,12/31/2021
DOMESTIC,MODERNA,013A21A,1875,1822,69,209,30,33,277,3.787,11.471,15.203,59.87,65.0,50,01/01/2023,12/31/2021
DOMESTIC,MODERNA,003B21A,1880,1816,46,181,43,34,227,2.533,9.967,12.5,51.1,54.0,48,01/03/2022,12/31/2021
DOMESTIC,MODERNA,007B21A,1853,1810,59,240,41,32,303,3.26,13.26,16.74,55.35,58.0,44,01/01/2022,12/30/2021
DOMESTIC,JANSSEN,1805022,2016,1801,61,233,80,67,296,3.387,12.937,16.435,52.03,54.0,48,01/03/2022,12/31/2021
DOMESTIC,PFIZER\BIONTECH,EW0191,1976,1799,19,298,45,55,348,1.056,16.565,19.344,38.39,36.0,50,01/01/2025,12/31/2021
DOMESTIC,PFIZER\BIONTECH,EW0176,1970,1791,38,260,35,70,328,2.122,14.517,18.314,41.34,41.0,48,01/01/2022,12/31/2021
DOMESTIC,PFIZER\BIONTECH,FL0007,1852,1789,1,69,12,11,79,0.056,3.857,4.416,10.12,9.0,51,01/01/2022,12/31/2021
DOMESTIC,PFIZER\BIONTECH,EW0186,2040,1789,32,318,47,54,388,1.789,17.775,21.688,37.36,36.0,49,01/04/2022,12/31/2021
DOMESTIC,PFIZER\BIONTECH,EW0177,1922,1781,23,228,37,42,277,1.291,12.802,15.553,36.37,35.0,49,01/01/2022,12/30/2022
DOMESTIC,PFIZER\BIONTECH,EW0187,1938,1778,24,203,46,46,246,1.35,11.417,13.836,36.19,35.0,50,01/01/2022,12/31/2021
DOMESTIC,MODERNA,046A21A,1809,1761,34,152,35,46,209,1.931,8.631,11.868,50.53,52.0,44,01/01/2025,12/31/2021
DOMESTIC,PFIZER\BIONTECH,EW0175,1964,1757,34,254,42,49,311,1.935,14.456,17.701,40.17,39.0,48,01/01/2023,12/31/2021
DOMESTIC,PFIZER\BIONTECH,GJ2524,1796,1753,11,164,21,26,187,0.627,9.355,10.667,56.53,61.0,50,01/02/2023,12/31/2022
DOMESTIC,PFIZER\BIONTECH,EL9265,1924,1748,119,569,53,59,638,6.808,32.551,36.499,64.0,69.0,47,01/01/2022,12/31/2021
DOMESTIC,MODERNA,035C21A,1780,1745,13,85,11,16,104,0.745,4.871,5.96,54.24,56.0,43,01/01/2022,12/31/2021
DOMESTIC,PFIZER\BIONTECH,EW0183,1908,1740,11,342,35,42,382,0.632,19.655,21.954,40.66,40.0,45,01/01/2022,12/30/2021
DOMESTIC,PFIZER\BIONTECH,EW0180,1922,1738,18,205,31,49,261,1.036,11.795,15.017,35.42,33.0,50,01/03/2022,12/31/2021
DOMESTIC,PFIZER\BIONTECH,EM9810,1945,1735,161,544,53,43,652,9.28,31.354,37.579,64.36,69.0,47,01/01/2022,12/31/2021
DOMESTIC,PFIZER\BIONTECH,FF2590,1849,1725,26,305,33,57,359,1.507,17.681,20.812,53.56,55.0,50,01/01/2022,12/31/2022
NONDOMESTIC,PFIZER\BIONTECH,ET8885,1714,1710,6,136,46,159,274,0.351,7.953,16.023,35.22,35.0,1,01/03/2022,12/31/2021
DOMESTIC,MODERNA,012A21A,1795,1707,94,223,34,39,314,5.507,13.064,18.395,59.1,63.0,44,01/01/2022,12/31/2021
DOMESTIC,PFIZER\BIONTECH,FA6780,1885,1706,26,165,36,68,228,1.524,9.672,13.365,39.23,39.0,52,01/01/2022,12/29/2023
DOMESTIC,PFIZER\BIONTECH,FE3590,1808,1703,44,279,35,67,354,2.584,16.383,20.787,52.2,53.0,54,01/01/2022,12/30/2022
DOMESTIC,JANSSEN,1805029,1883,1703,61,330,64,62,397,3.582,19.378,23.312,52.92,54.0,42,01/03/2022,12/31/2021
DOMESTIC,PFIZER\BIONTECH,EW0181,1839,1699,15,170,26,47,207,0.883,10.006,12.184,36.12,35.0,51,01/01/2022,12/31/2021
DOMESTIC,MODERNA,006B21A,1743,1696,63,197,32,34,259,3.715,11.616,15.271,55.15,57.0,39,01/01/2022,12/29/2021
DOMESTIC,MODERNA,006C21A,1742,1687,35,140,12,13,178,2.075,8.299,10.551,49.27,50.0,45,01/01/2022,12/31/2021
DOMESTIC,MODERNA,002A21A,1737,1686,44,163,36,43,228,2.61,9.668,13.523,60.53,65.0,43,01/01/2022,12/31/2021
DOMESTIC,PFIZER\BIONTECH,EW0196,1818,1682,23,162,28,54,225,1.367,9.631,13.377,36.58,34.0,48,01/01/2022,12/31/2021
DOMESTIC,PFIZER\BIONTECH,EK4176,1805,1678,44,154,35,28,217,2.622,9.178,12.932,48.92,47.0,39,01/01/2022,12/28/2021
DOMESTIC,MODERNA,038A21A,1742,1676,50,172,32,31,239,2.983,10.263,14.26,54.94,57.0,49,01/01/2022,12/31/2021
DOMESTIC,PFIZER\BIONTECH,EW0182,1819,1671,24,237,51,66,294,1.436,14.183,17.594,38.09,37.0,45,01/01/2022,12/31/2021
NONDOMESTIC,PFIZER\BIONTECH,EP9605,1659,1659,59,532,63,59,641,3.556,32.068,38.638,47.95,45.0,1,01/05/2022,12/31/2021
DOMESTIC,PFIZER\BIONTECH,EL9267,1814,1651,139,462,38,48,558,8.419,27.983,33.798,64.31,68.0,44,01/01/2022,12/31/2021
DOMESTIC,PFIZER\BIONTECH,FF2587,1765,1649,27,274,39,52,327,1.637,16.616,19.83,47.88,47.0,52,01/01/2022,12/31/2021
DOMESTIC,MODERNA,025A21A,1733,1647,41,196,29,40,252,2.489,11.9,15.301,60.25,65.0,50,01/03/2023,12/31/2021
NONDOMESTIC,PFIZER\BIONTECH,EL1484,1650,1643,44,178,40,174,410,2.678,10.834,24.954,47.51,47.5,1,01/03/2023,12/31/2021
DOMESTIC,MODERNA,017B21A,1695,1635,54,289,36,42,345,3.303,17.676,21.101,52.55,55.0,42,01/01/2022,12/31/2021
DOMESTIC,PFIZER\BIONTECH,FD0809,1711,1627,26,184,16,26,219,1.598,11.309,13.46,41.77,41.0,46,01/01/2022,12/31/2022
NONDOMESTIC,PFIZER\BIONTECH,EW2239,1628,1624,87,362,85,89,529,5.357,22.291,32.574,59.94,62.0,1,01/04/2022,12/31/2021
DOMESTIC,MODERNA,031B21A,1664,1616,25,157,16,32,200,1.547,9.715,12.376,51.26,53.0,46,01/01/2022,12/31/2022
DOMESTIC,PFIZER\BIONTECH,FC3180,1808,1614,26,237,56,73,301,1.611,14.684,18.649,42.54,42.0,50,01/02/2022,12/31/2021
NONDOMESTIC,PFIZER\BIONTECH,EW3143,1614,1611,5,102,42,137,233,0.31,6.331,14.463,32.19,32.0,1,01/03/2022,12/31/2021
DOMESTIC,MODERNA,076C21A,1636,1607,34,159,16,26,200,2.116,9.894,12.446,56.93,60.0,50,01/03/2022,12/31/2021
NONDOMESTIC,PFIZER\BIONTECH,EW6126,1612,1602,40,585,98,419,1002,2.497,36.517,62.547,53.28,55.0,1,01/03/2025,12/30/2022
DOMESTIC,PFIZER\BIONTECH,FF2589,1710,1602,34,170,28,51,236,2.122,10.612,14.732,49.11,48.0,51,01/02/2022,12/31/2021
DOMESTIC,MODERNA,001A21A,1681,1596,37,184,30,36,226,2.318,11.529,14.16,61.22,65.0,40,01/02/2022,12/31/2021
DOMESTIC,PFIZER\BIONTECH,FC3181,1791,1595,23,267,48,69,336,1.442,16.74,21.066,42.68,42.0,50,01/02/2022,12/31/2021
DOMESTIC,PFIZER\BIONTECH,EW0168,1741,1580,32,264,47,87,337,2.025,16.709,21.329,38.8,38.0,52,01/01/2022,12/31/2021
DOMESTIC,PFIZER\BIONTECH,EL9266,1775,1578,117,360,41,49,443,7.414,22.814,28.074,62.13,66.0,45,01/01/2022,12/30/2021
DOMESTIC,PFIZER\BIONTECH,EW0178,1731,1565,12,219,36,57,275,0.767,13.994,17.572,35.67,33.0,50,01/02/2022,12/31/2021
DOMESTIC,PFIZER\BIONTECH,FK9894,1616,1549,29,204,14,23,238,1.872,13.17,15.365,55.9,62.0,54,01/03/2023,12/31/2022
DOMESTIC,PFIZER\BIONTECH,FE3592,1696,1537,35,275,31,67,343,2.277,17.892,22.316,48.47,48.0,49,01/02/2022,12/31/2021
DOMESTIC,PFIZER\BIONTECH,FF2593,1638,1532,48,360,22,47,414,3.133,23.499,27.023,51.85,53.0,52,01/01/2022,12/31/2021
DOMESTIC,PFIZER\BIONTECH,GJ6665,1632,1532,17,128,18,18,146,1.11,8.355,9.53,53.09,58.0,48,01/02/2023,12/30/2022
DOMESTIC,PFIZER\BIONTECH,FA7485,1699,1529,31,173,39,67,242,2.027,11.315,15.827,39.98,39.0,52,01/02/2022,12/31/2021
DOMESTIC,PFIZER\BIONTECH,EM9809,1706,1528,55,279,56,51,349,3.599,18.259,22.84,61.45,66.0,46,01/01/2023,12/31/2021
DOMESTIC,MODERNA,047A21A,1573,1527,54,244,27,36,304,3.536,15.979,19.908,57.27,59.0,34,01/01/2022,12/31/2021
NONDOMESTIC,PFIZER\BIONTECH,EP2163,1529,1527,73,525,73,97,668,4.781,34.381,43.746,49.7,46.0,1,01/03/2023,12/31/2021
DOMESTIC,MODERNA,040B21A,1592,1514,32,261,25,27,308,2.114,17.239,20.343,48.81,50.0,38,01/01/2022,12/31/2021
NONDOMESTIC,PFIZER\BIONTECH,EJ6136,1517,1509,47,156,19,63,261,3.115,10.338,17.296,49.85,49.0,1,01/04/2022,12/30/2021
DOMESTIC,PFIZER\BIONTECH,FM0698,1545,1505,7,99,6,10,109,0.465,6.578,7.243,52.92,59.0,46,01/06/2023,12/28/2022
DOMESTIC,MODERNA,003A21A,1546,1490,36,154,38,33,199,2.416,10.336,13.356,58.01,63.0,44,01/02/2023,12/31/2021
DOMESTIC,JANSSEN,207A21A,1679,1478,38,209,22,36,252,2.571,14.141,17.05,43.25,43.0,49,01/01/2022,12/31/2021
DOMESTIC,PFIZER\BIONTECH,FF8839,1592,1474,39,187,26,59,250,2.646,12.687,16.961,48.89,49.0,53,01/01/2022,12/31/2021
DOMESTIC,MODERNA,025B21A,1512,1471,72,295,33,23,358,4.895,20.054,24.337,53.23,55.0,43,01/01/2022,12/31/2021
DOMESTIC,MODERNA,045A21A,1521,1461,53,225,40,40,286,3.628,15.4,19.576,52.85,55.0,44,01/03/2023,12/31/2021
DOMESTIC,MODERNA,019B21A,1511,1459,46,135,33,61,218,3.153,9.253,14.942,51.98,55.0,43,01/01/2022,12/31/2024
DOMESTIC,JANSSEN,041A21A,1608,1454,68,194,39,42,244,4.677,13.343,16.781,45.79,46.0,44,01/01/2022,12/31/2021
DOMESTIC,PFIZER\BIONTECH,FC3182,1658,1452,46,203,58,86,304,3.168,13.981,20.937,42.97,42.0,51,01/03/2022,12/31/2024
DOMESTIC,MODERNA,029A21A,1518,1452,79,157,27,36,224,5.441,10.813,15.427,58.3,62.0,45,01/01/2022,12/31/2021
DOMESTIC,MODERNA,028A21A,1491,1452,34,186,24,22,218,2.342,12.81,15.014,53.19,55.0,51,01/03/2022,12/31/2021
NONDOMESTIC,PFIZER\BIONTECH,FF2834,1447,1444,28,167,42,38,249,1.939,11.565,17.244,43.41,43.0,1,01/03/2023,12/31/2021
DOMESTIC,MODERNA,006M20A,1499,1440,76,168,23,27,250,5.278,11.667,17.361,64.28,68.0,51,01/01/2022,12/31/2021
DOMESTIC,JANSSEN,1805031,1663,1437,105,314,67,41,379,7.307,21.851,26.374,50.93,53.0,38,01/02/2023,12/31/2022
DOMESTIC,PFIZER\BIONTECH,FJ6369,1542,1436,20,188,18,32,214,1.393,13.092,14.903,41.66,42.0,47,01/04/2024,12/30/2022
DOMESTIC,PFIZER\BIONTECH,FL8095,1505,1435,4,22,8,10,32,0.279,1.533,2.23,10.32,8.0,48,01/01/2022,12/31/2021
NONDOMESTIC,PFIZER\BIONTECH,EJ6134,1440,1433,101,227,60,191,514,7.048,15.841,35.869,50.04,48.0,1,01/04/2022,12/29/2021
DOMESTIC,MODERNA,007C21A,1485,1432,13,127,12,29,156,0.908,8.869,10.894,43.96,43.0,47,01/01/2025,12/31/2021
DOMESTIC,JANSSEN,1808609,1571,1431,34,204,57,45,263,2.376,14.256,18.379,48.07,49.0,54,01/01/2022,12/31/2021
NONDOMESTIC,PFIZER\BIONTECH,FF3319,1432,1431,2,101,31,139,217,0.14,7.058,15.164,30.85,30.0,1,01/05/2022,12/31/2021
DOMESTIC,PFIZER\BIONTECH,FG3527,1568,1425,38,274,30,50,326,2.667,19.228,22.877,49.88,51.0,48,01/01/2022,12/31/2024
NONDOMESTIC,PFIZER\BIONTECH,EM4965,1428,1415,5,114,42,185,291,0.353,8.057,20.565,47.84,48.0,1,01/03/2023,12/31/2021
NONDOMESTIC,PFIZER\BIONTECH,EX8680,1414,1414,20,439,96,164,617,1.414,31.047,43.635,49.5,50.0,1,01/04/2023,12/31/2021
NONDOMESTIC,PFIZER\BIONTECH,EP9598,1419,1413,108,420,69,112,620,7.643,29.724,43.878,59.83,57.0,1,01/04/2022,12/30/2021
DOMESTIC,JANSSEN,1808978,1547,1412,27,187,52,50,244,1.912,13.244,17.28,47.68,50.0,51,01/01/2022,12/31/2021
DOMESTIC,PFIZER\BIONTECH,FK9729,1478,1401,19,174,19,28,204,1.356,12.42,14.561,46.83,51.0,54,01/04/2023,12/28/2022
DOMESTIC,PFIZER\BIONTECH,FL8094,1508,1400,0,17,3,4,19,0.0,1.214,1.357,11.46,9.0,52,01/02/2023,12/30/2021
DOMESTIC,MODERNA,043B21A,1459,1395,30,262,22,25,296,2.151,18.781,21.219,48.15,49.0,43,01/01/2022,12/30/2021
DOMESTIC,PFIZER\BIONTECH,GK1657,1444,1391,0,27,1,3,28,0.0,1.941,2.013,11.97,8.0,52,01/01/2023,12/30/2022
DOMESTIC,MODERNA,032M20A,1467,1389,61,219,25,28,265,4.392,15.767,19.078,59.35,63.0,46,01/03/2022,12/30/2021
DOMESTIC,MODERNA,002B21A,1417,1381,26,257,24,31,296,1.883,18.61,21.434,55.72,58.0,48,01/03/2022,12/30/2021
NONDOMESTIC,PFIZER\BIONTECH,ER2659,1388,1379,45,453,58,190,673,3.263,32.85,48.803,49.27,45.0,1,01/05/2022,12/31/2021
DOMESTIC,MODERNA,037B21A,1443,1377,29,149,17,32,197,2.106,10.821,14.306,48.63,50.0,34,01/01/2022,12/30/2023
DOMESTIC,PFIZER\BIONTECH,EW0198,1454,1376,9,107,21,38,146,0.654,7.776,10.61,36.12,35.0,51,01/03/2022,12/31/2021
NONDOMESTIC,PFIZER\BIONTECH,FA1027,1375,1372,2,99,46,109,202,0.146,7.216,14.723,29.8,28.0,1,01/04/2023,12/31/2021
DOMESTIC,MODERNA,046C21A,1484,1369,11,43,0,9,58,0.804,3.141,4.237,48.49,48.0,40,01/04/2022,12/31/2021
DOMESTIC,MODERNA,021B21A,1385,1355,45,149,31,38,198,3.321,10.996,14.613,54.69,57.0,42,01/01/2022,12/31/2021
DOMESTIC,MODERNA,030B21A,1396,1355,53,152,29,29,198,3.911,11.218,14.613,48.62,50.0,46,01/03/2023,12/31/2021
DOMESTIC,MODERNA,027B21A,1404,1353,45,167,30,35,213,3.326,12.343,15.743,48.83,50.0,46,01/02/2025,12/30/2021
NONDOMESTIC,PFIZER\BIONTECH,EX8679,1353,1344,38,669,81,41,726,2.827,49.777,54.018,51.88,53.0,2,01/02/2024,12/31/2021
DOMESTIC,JANSSEN,204A21A,1486,1343,20,189,43,43,237,1.489,14.073,17.647,43.0,42.0,49,01/01/2022,12/31/2021
DOMESTIC,MODERNA,008C21A,1372,1341,24,72,18,30,106,1.79,5.369,7.905,47.71,49.0,38,01/02/2023,12/29/2021
NONDOMESTIC,PFIZER\BIONTECH,EW4815,1342,1338,61,324,75,138,503,4.559,24.215,37.593,57.0,59.5,1,01/04/2022,12/30/2022
DOMESTIC,MODERNA,038B21A,1458,1334,28,146,24,33,187,2.099,10.945,14.018,47.53,50.0,43,01/02/2022,12/31/2021
DOMESTIC,PFIZER\BIONTECH,FD8448,1469,1333,25,197,40,47,246,1.875,14.779,18.455,42.68,42.0,49,01/01/2022,12/31/2021
DOMESTIC,PFIZER\BIONTECH,FF2588,1420,1329,30,203,41,61,263,2.257,15.275,19.789,46.33,45.0,47,01/01/2022,12/31/2021
NONDOMESTIC,PFIZER\BIONTECH,EP2166,1330,1327,111,321,98,138,561,8.365,24.19,42.276,62.82,68.0,1,01/04/2022,12/31/2021
NONDOMESTIC,PFIZER\BIONTECH,EJ6790,1327,1322,55,188,48,122,354,4.16,14.221,26.778,52.59,52.0,1,01/04/2022,12/31/2021
DOMESTIC,MODERNA,048A21A,1337,1314,40,139,17,24,182,3.044,10.578,13.851,58.86,62.0,36,01/01/2022,12/30/2021
NONDOMESTIC,PFIZER\BIONTECH,FC3095,1317,1307,28,653,92,42,702,2.142,49.962,53.711,46.92,47.0,2,01/04/2023,12/31/2021
DOMESTIC,MODERNA,037A21B,1348,1305,20,166,20,24,197,1.533,12.72,15.096,51.15,53.0,45,01/01/2022,12/30/2021
DOMESTIC,JANSSEN,1805020,1488,1305,41,211,58,57,264,3.142,16.169,20.23,52.27,53.0,35,01/01/2022,12/31/2021
NONDOMESTIC,PFIZER\BIONTECH,FD7958,1314,1303,21,623,81,45,668,1.612,47.813,51.266,45.16,46.0,1,01/02/2024,12/31/2024
NONDOMESTIC,PFIZER\BIONTECH,ET1831,1301,1301,90,312,81,78,447,6.918,23.982,34.358,60.1,58.5,1,01/04/2022,12/31/2021
NONDOMESTIC,PFIZER\BIONTECH,ER9480,1306,1299,48,448,58,93,573,3.695,34.488,44.111,48.97,46.0,1,01/03/2025,12/31/2021
NONDOMESTIC,PFIZER\BIONTECH,EW2246,1293,1293,69,354,77,68,492,5.336,27.378,38.051,59.77,62.0,1,01/04/2022,12/31/2021
DOMESTIC,JANSSEN,1808980,1435,1285,28,183,38,60,232,2.179,14.241,18.054,46.27,47.0,44,01/02/2022,12/30/2021
NONDOMESTIC,PFIZER\BIONTECH,ET3620,1282,1282,100,360,78,79,504,7.8,28.081,39.314,66.16,72.0,1,01/03/2023,12/30/2021
DOMESTIC,PFIZER\BIONTECH,FH8028,1411,1282,29,217,27,37,260,2.262,16.927,20.281,44.64,45.0,50,01/01/2022,12/31/2021
DOMESTIC,PFIZER\BIONTECH,FA7484,1412,1281,25,135,26,44,186,1.952,10.539,14.52,38.08,37.0,49,01/01/2022,12/30/2021
DOMESTIC,MODERNA,020B21A,1326,1275,61,152,16,23,204,4.784,11.922,16.0,48.56,49.0,43,01/02/2022,12/30/2021
DOMESTIC,PFIZER\BIONTECH,FT9142,1367,1275,1,30,8,4,37,0.078,2.353,2.902,3.04,3.0,51,01/03/2023,12/29/2022
NONDOMESTIC,PFIZER\BIONTECH,EJ6789,1279,1274,102,395,50,126,590,8.006,31.005,46.311,55.25,53.0,1,01/03/2023,12/30/2022
NONDOMESTIC,PFIZER\BIONTECH,EJ6788,1285,1274,153,361,62,38,522,12.009,28.336,40.973,61.94,59.0,1,01/03/2023,12/29/2022
DOMESTIC,PFIZER\BIONTECH,FK9895,1320,1262,15,91,13,27,124,1.189,7.211,9.826,50.8,57.0,52,01/03/2022,12/28/2022
NONDOMESTIC,PFIZER\BIONTECH,EX0893,1259,1258,48,281,58,89,424,3.816,22.337,33.704,60.71,63.5,1,01/04/2022,12/30/2021
NONDOMESTIC,PFIZER\BIONTECH,EY7015,1252,1252,22,105,21,35,154,1.757,8.387,12.3,49.72,50.0,1,01/04/2022,12/31/2021
NONDOMESTIC,PFIZER\BIONTECH,ET3674,1262,1252,61,501,58,84,625,4.872,40.016,49.92,53.13,50.0,2,01/02/2026,12/30/2021
NONDOMESTIC,JANSSEN,XD974,1257,1250,5,63,13,15,86,0.4,5.04,6.88,37.93,35.5,1,01/03/2022,12/31/2021
NONDOMESTIC,PFIZER\BIONTECH,FD9234,1245,1241,15,540,68,139,663,1.209,43.513,53.425,47.09,47.0,1,01/03/2024,12/31/2024
DOMESTIC,MODERNA,047B21A,1279,1240,30,98,20,31,143,2.419,7.903,11.532,45.62,45.0,36,01/01/2022,12/29/2021
DOMESTIC,MODERNA,002C21A,1298,1240,47,159,15,27,212,3.79,12.823,17.097,46.52,46.0,49,01/03/2022,12/31/2021
NONDOMESTIC,PFIZER\BIONTECH,EX6537,1234,1234,36,269,58,128,426,2.917,21.799,34.522,54.57,56.0,1,01/05/2022,12/31/2021
DOMESTIC,PFIZER\BIONTECH,30155BA,1321,1233,19,186,20,27,210,1.541,15.085,17.032,48.48,49.0,50,01/03/2022,12/31/2021
NONDOMESTIC,JANSSEN,XD985,1238,1223,3,80,10,14,98,0.245,6.541,8.013,35.18,33.0,1,01/03/2022,12/31/2021
DOMESTIC,MODERNA,039B21A,1275,1219,55,141,20,26,194,4.512,11.567,15.915,47.64,48.0,33,01/01/2022,12/31/2021
DOMESTIC,PFIZER\BIONTECH,FK9893,1273,1212,18,131,11,13,148,1.485,10.809,12.211,61.77,66.0,49,01/04/2023,12/29/2023
DOMESTIC,MODERNA,032B21A,1245,1211,43,121,24,47,177,3.551,9.992,14.616,50.14,51.0,48,01/01/2022,12/31/2021
DOMESTIC,JANSSEN,1805025,1320,1207,75,267,48,40,326,6.214,22.121,27.009,52.44,55.0,38,01/01/2022,12/30/2021
NONDOMESTIC,PFIZER\BIONTECH,EW4811,1206,1206,41,337,40,59,417,3.4,27.944,34.577,48.67,45.0,1,01/04/2022,12/30/2021
NONDOMESTIC,PFIZER\BIONTECH,FK0596,1223,1204,7,86,49,146,238,0.581,7.143,19.767,53.87,57.0,1,01/04/2023,12/31/2021
DOMESTIC,PFIZER\BIONTECH,GJ5342,1231,1202,20,232,16,17,259,1.664,19.301,21.547,58.69,65.0,45,01/01/2023,12/31/2022
NONDOMESTIC,PFIZER\BIONTECH,FA5833,1195,1193,14,402,74,246,641,1.174,33.697,53.73,47.84,47.0,1,01/02/2025,12/31/2021
NONDOMESTIC,PFIZER\BIONTECH,EJ6795,1187,1180,156,236,80,55,449,13.22,20.0,38.051,53.68,51.0,1,01/05/2022,12/30/2021
NONDOMESTIC,PFIZER\BIONTECH,FE3380,1181,1178,3,80,22,102,175,0.255,6.791,14.856,29.61,29.0,1,01/02/2024,12/31/2021
DOMESTIC,PFIZER\BIONTECH,30145BA,1268,1177,18,120,22,28,149,1.529,10.195,12.659,53.41,55.0,53,01/04/2022,12/31/2021
NONDOMESTIC,PFIZER\BIONTECH,EX7823,1187,1172,20,428,58,62,488,1.706,36.519,41.638,49.09,49.0,1,01/03/2023,12/31/2024
NONDOMESTIC,PFIZER\BIONTECH,EJ6796,1169,1165,122,291,71,46,458,10.472,24.979,39.313,53.58,51.0,1,01/04/2021,12/30/2021
DOMESTIC,MODERNA,043L20A,1256,1163,99,203,18,18,274,8.512,17.455,23.56,58.31,60.0,34,01/03/2022,12/31/2021
NONDOMESTIC,PFIZER\BIONTECH,EY3014,1160,1160,15,168,51,42,222,1.293,14.483,19.138,53.22,53.5,1,01/04/2022,12/31/2021
DOMESTIC,MODERNA,009C21A,1199,1156,39,101,24,33,155,3.374,8.737,13.408,48.41,48.0,38,01/01/2022,12/31/2021
DOMESTIC,MODERNA,037C21A,1178,1155,6,58,14,21,83,0.519,5.022,7.186,46.27,45.0,42,01/02/2022,12/31/2021
NONDOMESTIC,PFIZER\BIONTECH,FK9712,1156,1154,6,84,31,145,219,0.52,7.279,18.977,40.84,42.0,1,01/05/2022,12/31/2022
NONDOMESTIC,MODERNA,3002332,1157,1148,1,38,10,74,109,0.087,3.31,9.495,34.24,34.0,1,01/03/2022,12/30/2024
DOMESTIC,PFIZER\BIONTECH,FE3594,1224,1148,7,166,15,35,192,0.61,14.46,16.725,39.1,39.0,51,01/01/2022,12/31/2021
DOMESTIC,MODERNA,044B21A,1187,1142,33,158,17,30,195,2.89,13.835,17.075,45.87,46.0,36,01/03/2022,12/30/2022
DOMESTIC,MODERNA,046B21A,1170,1139,30,139,25,34,175,2.634,12.204,15.364,48.66,50.0,43,01/03/2022,12/31/2024
DOMESTIC,MODERNA,012H21B,1162,1137,14,214,12,14,232,1.231,18.821,20.405,53.15,54.0,45,01/01/2022,12/31/2021
NONDOMESTIC,PFIZER\BIONTECH,ET6956,1139,1136,47,272,74,79,396,4.137,23.944,34.859,57.61,60.0,1,01/02/2024,12/31/2021
DOMESTIC,PFIZER\BIONTECH,GJ3277,1153,1132,20,558,14,19,579,1.767,49.293,51.148,61.3,65.0,48,01/02/2023,12/31/2022
DOMESTIC,MODERNA,066H21A,1246,1132,6,54,7,11,65,0.53,4.77,5.742,48.69,48.0,44,01/01/2022,12/31/2021
DOMESTIC,MODERNA,036B21A,1162,1127,22,129,33,37,174,1.952,11.446,15.439,49.71,52.0,42,01/04/2022,12/31/2021
DOMESTIC,PFIZER\BIONTECH,FH8027,1214,1120,25,149,20,25,200,2.232,13.304,17.857,45.69,47.0,51,01/01/2022,12/31/2021
DOMESTIC,MODERNA,030H21B,1160,1118,27,138,22,28,183,2.415,12.343,16.369,50.48,51.0,47,01/01/2022,12/31/2021
DOMESTIC,MODERNA,048B21A,1149,1117,44,152,13,30,214,3.939,13.608,19.158,48.67,49.0,41,01/01/2022,12/31/2021
DOMESTIC,PFIZER\BIONTECH,FL2757,1129,1113,0,9,1,3,10,0.0,0.809,0.898,7.9,7.0,51,01/04/2023,12/27/2022
DOMESTIC,MODERNA,026C21A,1128,1111,6,47,9,24,75,0.54,4.23,6.751,48.56,48.0,36,01/02/2023,12/31/2021
NONDOMESTIC,PFIZER\BIONTECH,FH0161,1114,1108,12,172,42,117,306,1.083,15.523,27.617,43.42,41.0,1,01/05/2022,12/31/2021
NONDOMESTIC,PFIZER\BIONTECH,EL0739,1114,1107,21,97,35,159,266,1.897,8.762,24.029,51.81,51.0,1,01/06/2022,12/31/2021
DOMESTIC,MODERNA,048C21A,1120,1104,26,46,16,9,66,2.355,4.167,5.978,52.79,54.0,41,01/03/2022,12/30/2022
DOMESTIC,MODERNA,017C21A,1148,1099,26,115,23,18,147,2.366,10.464,13.376,45.64,46.0,48,01/03/2022,12/31/2021
NONDOMESTIC,PFIZER\BIONTECH,FC2336,1111,1099,12,348,66,308,679,1.092,31.665,61.783,46.22,46.0,1,01/02/2024,12/31/2021
NONDOMESTIC,PFIZER\BIONTECH,FG4509,1096,1095,20,103,27,25,152,1.826,9.406,13.881,38.88,36.0,1,01/04/2022,12/30/2022
DOMESTIC,PFIZER\BIONTECH,33130BA,1142,1095,11,105,7,17,127,1.005,9.589,11.598,40.75,39.0,49,01/01/2022,12/31/2021
NONDOMESTIC,PFIZER\BIONTECH,FA8016,1096,1092,37,283,63,119,448,3.388,25.916,41.026,50.49,50.5,1,01/03/2023,12/30/2021
DOMESTIC,PFIZER\BIONTECH,GH9703,1125,1081,20,162,22,23,186,1.85,14.986,17.206,61.41,66.0,47,01/02/2023,12/31/2022
DOMESTIC,PFIZER\BIONTECH,FJ1620,1156,1080,14,174,16,40,216,1.296,16.111,20.0,45.89,46.0,46,01/01/2022,12/31/2021
NONDOMESTIC,JANSSEN,XD975,1073,1069,5,50,11,27,83,0.468,4.677,7.764,44.42,48.0,1,01/03/2022,12/31/2021
DOMESTIC,PFIZER\BIONTECH,FM9992,1129,1067,23,162,14,19,194,2.156,15.183,18.182,59.18,64.0,47,01/02/2023,12/29/2022
DOMESTIC,MODERNA,003C21A,1130,1065,10,114,14,27,140,0.939,10.704,13.146,46.87,48.0,41,01/03/2022,12/31/2021
DOMESTIC,PFIZER\BIONTECH,FH8030,1137,1065,25,168,20,38,224,2.347,15.775,21.033,49.36,50.0,50,01/01/2022,12/31/2021
DOMESTIC,MODERNA,041B21A,1125,1064,9,87,26,34,131,0.846,8.177,12.312,45.35,45.0,44,01/04/2022,12/31/2021
DOMESTIC,MODERNA,038K20A,1093,1062,30,167,16,20,201,2.825,15.725,18.927,62.52,67.0,30,01/02/2021,12/31/2021
DOMESTIC,PFIZER\BIONTECH,FJ8757,1102,1058,15,170,16,31,208,1.418,16.068,19.66,45.59,45.0,46,01/01/2022,12/31/2024
NONDOMESTIC,PFIZER\BIONTECH,ET7205,1058,1057,75,246,68,89,416,7.096,23.273,39.357,59.6,61.0,1,01/04/2022,12/31/2021
DOMESTIC,MODERNA,005C21A,1127,1055,29,230,19,10,248,2.749,21.801,23.507,48.25,48.0,40,01/01/2022,12/29/2021
NONDOMESTIC,PFIZER\BIONTECH,ER9470,1054,1052,51,347,61,47,432,4.848,32.985,41.065,64.6,70.0,1,01/02/2024,12/30/2021
DOMESTIC,PFIZER\BIONTECH,GJ6739,1065,1048,6,75,8,8,87,0.573,7.156,8.302,54.62,59.0,49,01/01/2023,12/31/2022
NONDOMESTIC,PFIZER\BIONTECH,EL0725,1049,1047,53,141,27,88,265,5.062,13.467,25.31,50.89,49.0,1,01/02/2026,12/31/2021
NONDOMESTIC,PFIZER\BIONTECH,FH3220,1060,1046,9,121,42,115,236,0.86,11.568,22.562,55.66,60.0,1,01/05/2022,12/31/2021
NONDOMESTIC,PFIZER\BIONTECH,FE1573,1047,1044,8,170,36,50,232,0.766,16.284,22.222,38.46,35.0,1,01/05/2022,12/31/2021
NONDOMESTIC,PFIZER\BIONTECH,EW8904,1048,1043,50,473,53,58,555,4.794,45.35,53.212,57.29,57.0,1,01/05/2022,12/30/2021
NONDOMESTIC,PFIZER\BIONTECH,FF2832,1043,1042,16,107,53,110,233,1.536,10.269,22.361,37.11,35.0,1,01/04/2022,12/30/2022
NONDOMESTIC,PFIZER\BIONTECH,FE6975,1046,1033,24,489,60,43,533,2.323,47.338,51.597,44.68,45.0,1,01/04/2023,12/31/2021
DOMESTIC,MODERNA,047C21A,1042,1028,25,85,11,16,106,2.432,8.268,10.311,52.55,53.0,46,01/01/2022,12/31/2021
NONDOMESTIC,PFIZER\BIONTECH,EX3599,1027,1023,38,436,71,44,514,3.715,42.62,50.244,54.24,55.0,1,01/05/2022,12/30/2022
DOMESTIC,MODERNA,001C21A,1066,1018,24,91,20,26,133,2.358,8.939,13.065,46.85,48.0,48,01/01/2022,12/31/2024
NONDOMESTIC,PFIZER\BIONTECH,ER7812,1008,1005,85,369,55,76,505,8.458,36.716,50.249,60.35,58.0,1,01/05/2022,12/31/2021
NONDOMESTIC,PFIZER\BIONTECH,FF8288,1024,1004,18,160,48,102,287,1.793,15.936,28.586,51.26,54.0,1,01/03/2023,12/31/2022
NONDOMESTIC,PFIZER\BIONTECH,EL1491,1018,1002,56,149,34,45,254,5.589,14.87,25.349,46.33,44.0,1,01/04/2022,12/31/2021
DOMESTIC,PFIZER\BIONTECH,FM7553,1036,1000,15,151,20,20,179,1.5,15.1,17.9,52.38,58.0,52,01/03/2023,12/31/2022
DOMESTIC,PFIZER\BIONTECH,FJ8762,1051,996,9,132,8,22,151,0.904,13.253,15.161,44.24,45.0,47,01/01/2022,12/31/2021
DOMESTIC,MODERNA,039A21A,1025,996,10,72,19,31,101,1.004,7.229,10.141,47.7,49.0,36,01/03/2022,12/30/2021
DOMESTIC,MODERNA,031H21A,1045,994,16,142,14,10,163,1.61,14.286,16.398,52.23,52.0,43,01/01/2022,12/31/2024
NONDOMESTIC,PFIZER\BIONTECH,EX3510,994,991,18,418,33,39,459,1.816,42.18,46.317,51.82,51.0,1,01/02/2024,12/31/2021
DOMESTIC,MODERNA,016C21A,1020,988,29,97,17,19,132,2.935,9.818,13.36,47.21,47.5,52,01/03/2022,12/31/2021
NONDOMESTIC,PFIZER\BIONTECH,FD8813,983,982,3,82,24,117,181,0.305,8.35,18.432,32.92,32.0,1,01/06/2022,12/31/2021
DOMESTIC,PFIZER\BIONTECH,301308A,1058,982,20,132,25,35,177,2.037,13.442,18.024,51.31,52.0,47,01/03/2022,12/30/2021
NONDOMESTIC,PFIZER\BIONTECH,FC3143,977,977,8,203,52,41,265,0.819,20.778,27.124,45.93,46.0,1,01/02/2024,12/31/2021
DOMESTIC,PFIZER\BIONTECH,FK9896,1018,974,8,81,6,20,108,0.821,8.316,11.088,46.57,49.0,46,01/03/2023,12/30/2022
DOMESTIC,MODERNA,004C21A,998,970,20,89,18,16,115,2.062,9.175,11.856,46.89,48.0,44,01/03/2022,12/31/2021
DOMESTIC,PFIZER\BIONTECH,EN9581,1077,956,101,207,31,35,289,10.565,21.653,30.23,62.5,67.0,43,01/02/2022,12/28/2021
DOMESTIC,MODERNA,050E21A,947,939,10,21,6,12,42,1.065,2.236,4.473,50.78,51.0,42,01/01/2022,12/31/2021
NONDOMESTIC,PFIZER\BIONTECH,ER7449,933,928,22,201,17,74,292,2.371,21.659,31.466,45.36,44.0,1,01/04/2022,12/29/2021
NONDOMESTIC,PFIZER\BIONTECH,EW9127,927,925,46,245,60,112,377,4.973,26.486,40.757,60.76,65.0,1,01/05/2022,12/30/2021
DOMESTIC,PFIZER\BIONTECH,FL3197,976,918,7,96,19,26,128,0.763,10.458,13.943,43.67,45.0,45,01/01/2022,12/31/2021
NONDOMESTIC,PFIZER\BIONTECH,FC8889,926,917,12,398,45,145,539,1.309,43.402,58.779,47.48,49.0,1,01/03/2024,12/31/2021
DOMESTIC,JANSSEN,1808982,1011,916,22,131,32,34,175,2.402,14.301,19.105,44.63,44.0,36,01/01/2022,12/31/2021
NONDOMESTIC,PFIZER\BIONTECH,FD5996,929,914,50,196,17,8,248,5.47,21.444,27.133,47.98,49.0,1,01/03/2023,12/31/2021
DOMESTIC,MODERNA,065F21A,931,912,32,87,12,17,119,3.509,9.539,13.048,58.76,63.0,47,01/02/2022,12/31/2021
DOMESTIC,MODERNA,021C21A,947,912,14,70,16,27,100,1.535,7.675,10.965,43.96,42.0,33,01/04/2022,12/28/2021
NONDOMESTIC,MODERNA,3004675,953,911,1,55,29,84,144,0.11,6.037,15.807,57.94,60.0,1,01/03/2022,12/31/2021
NONDOMESTIC,PFIZER\BIONTECH,FF0900,918,911,15,379,54,149,529,1.647,41.603,58.068,42.43,42.0,1,01/04/2022,12/30/2024
NONDOMESTIC,PFIZER\BIONTECH,FA5831,911,910,29,261,56,60,366,3.187,28.681,40.22,51.62,52.0,1,01/04/2023,12/31/2021
NONDOMESTIC,PFIZER\BIONTECH,EK1768,918,910,14,55,28,146,206,1.538,6.044,22.637,48.54,45.0,1,01/03/2023,12/31/2021
DOMESTIC,PFIZER\BIONTECH,EL9263,1018,909,33,162,39,33,205,3.63,17.822,22.552,61.62,66.0,41,01/01/2022,12/30/2021
DOMESTIC,MODERNA,070H21A,907,890,3,56,13,10,70,0.337,6.292,7.865,56.67,61.0,38,01/01/2022,12/31/2021
NONDOMESTIC,PFIZER\BIONTECH,FH9951,885,885,18,151,28,33,198,2.034,17.062,22.373,47.0,45.5,1,01/05/2022,12/31/2021
NONDOMESTIC,PFIZER\BIONTECH,FF0688,880,880,5,147,36,69,235,0.568,16.705,26.705,41.58,43.0,1,01/04/2023,12/31/2021
NONDOMESTIC,MODERNA,3002339,875,875,3,22,7,9,34,0.343,2.514,3.886,42.0,42.5,1,01/03/2022,12/31/2021
NONDOMESTIC,PFIZER\BIONTECH,FE8235,869,866,7,134,25,128,258,0.808,15.473,29.792,38.63,38.0,1,01/04/2023,12/31/2021
NONDOMESTIC,MODERNA,3002621,869,866,0,39,6,51,85,0.0,4.503,9.815,32.2,29.0,1,01/03/2022,12/31/2021
DOMESTIC,PFIZER\BIONTECH,GL0446,891,864,9,105,7,9,112,1.042,12.153,12.963,52.88,56.0,51,01/01/2023,12/31/2022
DOMESTIC,MODERNA,059H21A,887,864,7,53,7,8,65,0.81,6.134,7.523,50.65,51.0,48,01/01/2022,12/31/2021
DOMESTIC,PFIZER\BIONTECH,FD7218,915,861,16,129,12,40,170,1.858,14.983,19.744,42.52,42.0,41,01/01/2022,12/31/2021
NONDOMESTIC,PFIZER\BIONTECH,EX7389,858,858,33,243,58,69,352,3.846,28.322,41.026,57.98,60.0,1,01/05/2022,12/30/2022
NONDOMESTIC,MODERNA,3004732,864,857,1,49,13,72,121,0.117,5.718,14.119,53.06,55.0,1,01/03/2022,12/31/2021
DOMESTIC,MODERNA,008B21A,891,856,39,99,12,17,133,4.556,11.565,15.537,50.85,52.0,43,01/05/2022,12/31/2021
NONDOMESTIC,PFIZER\BIONTECH,EY2172,853,853,19,218,42,135,363,2.227,25.557,42.556,49.69,51.0,1,01/02/2024,12/31/2021
DOMESTIC,MODERNA,012F21A,872,853,12,55,6,10,69,1.407,6.448,8.089,61.52,67.0,44,01/02/2022,12/31/2021
DOMESTIC,MODERNA,045B21A,861,851,18,90,17,20,115,2.115,10.576,13.514,46.89,48.0,43,01/03/2022,12/29/2021
NONDOMESTIC,MODERNA,3002545,845,845,1,43,9,9,59,0.118,5.089,6.982,42.7,43.5,1,01/03/2022,12/30/2021
NONDOMESTIC,PFIZER\BIONTECH,FK6304,844,844,14,192,48,109,315,1.659,22.749,37.322,44.85,44.5,1,01/02/2024,12/31/2021
NONDOMESTIC,PFIZER\BIONTECH,FA4632,843,842,10,127,42,202,331,1.188,15.083,39.311,48.06,48.0,1,01/07/2022,12/31/2021
DOMESTIC,PFIZER\BIONTECH,32030BD,894,841,16,121,10,19,137,1.902,14.388,16.29,51.38,53.0,48,01/01/2022,12/31/2021
NONDOMESTIC,PFIZER\BIONTECH,FH8469,869,839,16,149,50,256,404,1.907,17.759,48.153,50.65,53.0,1,01/03/2024,12/31/2021
DOMESTIC,PFIZER\BIONTECH,FL3198,902,838,8,133,16,34,158,0.955,15.871,18.854,43.34,44.0,46,01/01/2022,12/31/2021
DOMESTIC,JANSSEN,1802068,964,835,47,299,36,30,341,5.629,35.808,40.838,57.55,58.0,14,01/03/2022,12/31/2021
DOMESTIC,MODERNA,041C21A,879,830,17,125,15,25,149,2.048,15.06,17.952,47.95,48.0,44,01/03/2022,12/30/2021
DOMESTIC,MODERNA,058A222A,1124,828,7,28,3,1,34,0.845,3.382,4.106,57.47,59.0,36,01/02/2023,12/30/2022
NONDOMESTIC,PFIZER\BIONTECH,FC5435,826,823,13,186,37,52,261,1.58,22.6,31.713,43.25,44.0,1,01/05/2022,12/31/2021
DOMESTIC,MODERNA,027C21A,862,822,15,128,15,18,154,1.825,15.572,18.735,47.48,49.0,44,01/03/2022,12/30/2021
NONDOMESTIC,PFIZER\BIONTECH,EL8723,826,822,44,211,29,84,329,5.353,25.669,40.024,53.75,52.0,1,01/04/2022,12/28/2022
DOMESTIC,MODERNA,027H21B,839,821,24,68,6,25,109,2.923,8.283,13.276,49.61,49.0,47,01/01/2022,12/31/2021
NONDOMESTIC,PFIZER\BIONTECH,ER7934,823,821,2,91,31,91,180,0.244,11.084,21.924,49.45,49.0,1,01/05/2022,12/31/2021
DOMESTIC,MODERNA,029K20A,832,819,19,92,17,12,115,2.32,11.233,14.042,63.5,69.0,22,01/05/2021,12/29/2021
NONDOMESTIC,PFIZER\BIONTECH,EN1185,825,817,7,64,19,97,160,0.857,7.834,19.584,54.55,54.0,1,01/05/2022,12/31/2024
NONDOMESTIC,JANSSEN,XE423,820,814,3,51,10,8,64,0.369,6.265,7.862,39.03,39.0,1,01/03/2022,12/31/2021
DOMESTIC,MODERNA,062E21A,812,805,17,73,7,13,92,2.112,9.068,11.429,51.94,53.0,45,01/03/2022,12/31/2021
NONDOMESTIC,PFIZER\BIONTECH,ET3045,802,802,24,369,41,20,413,2.993,46.01,51.496,53.69,53.0,1,01/04/2023,12/31/2021
DOMESTIC,MODERNA,011F21A,829,801,25,74,6,16,104,3.121,9.238,12.984,51.72,52.0,49,01/01/2022,12/30/2021
NONDOMESTIC,PFIZER\BIONTECH,EN3924,805,801,10,58,28,93,155,1.248,7.241,19.351,58.18,65.5,1,01/10/2023,12/31/2021
DOMESTIC,PFIZER\BIONTECH,FJ1611,868,798,12,128,22,22,153,1.504,16.04,19.173,44.62,46.0,45,01/01/2022,12/31/2022
DOMESTIC,MODERNA,022C21A,849,795,20,94,12,23,125,2.516,11.824,15.723,45.96,47.0,40,01/01/2022,12/31/2021
DOMESTIC,PFIZER\BIONTECH,FP4554,840,793,6,101,10,9,110,0.757,12.736,13.871,54.1,61.0,49,01/05/2023,12/30/2022
NONDOMESTIC,MODERNA,3002188,793,793,4,58,10,31,90,0.504,7.314,11.349,46.54,47.0,1,01/03/2022,12/30/2021
NONDOMESTIC,MODERNA,3004737,802,792,2,45,18,83,128,0.253,5.682,16.162,52.61,55.0,1,01/03/2022,12/31/2021
DOMESTIC,MODERNA,034F21A,816,790,26,179,8,14,208,3.291,22.658,26.329,56.56,58.0,44,01/01/2022,12/31/2021
NONDOMESTIC,PFIZER\BIONTECH,FK9706,787,784,5,76,28,130,193,0.638,9.694,24.617,40.85,40.0,1,01/04/2022,12/31/2021
DOMESTIC,MODERNA,051F21A,852,781,16,179,13,14,199,2.049,22.919,25.48,59.64,63.0,46,01/01/2022,12/29/2021
NONDOMESTIC,PFIZER\BIONTECH,FC9001,780,780,1,50,16,71,114,0.128,6.41,14.615,31.36,29.0,1,01/05/2023,12/31/2021
NONDOMESTIC,PFIZER\BIONTECH,FF4213,781,779,12,172,29,58,250,1.54,22.08,32.092,38.21,37.0,1,01/04/2022,12/30/2022
DOMESTIC,MODERNA,042B21A,813,779,38,92,16,29,133,4.878,11.81,17.073,47.24,47.0,49,01/01/2022,12/31/2021
NONDOMESTIC,PFIZER\BIONTECH,FE9174,788,775,18,281,29,193,476,2.323,36.258,61.419,41.29,40.0,1,01/03/2023,12/31/2024
NONDOMESTIC,MODERNA,3001659,779,775,5,53,12,60,118,0.645,6.839,15.226,45.45,46.0,1,01/02/2023,12/22/2021
DOMESTIC,MODERNA,013F21A,780,768,13,140,10,16,160,1.693,18.229,20.833,55.91,59.0,50,01/02/2022,12/31/2021
DOMESTIC,PFIZER\BIONTECH,FR2583,787,766,0,11,3,2,13,0.0,1.436,1.697,53.38,58.0,41,01/02/2023,12/29/2022
DOMESTIC,MODERNA,023C21A,801,761,7,85,11,23,106,0.92,11.17,13.929,44.1,44.0,42,01/02/2022,12/29/2021
NONDOMESTIC,PFIZER\BIONTECH,FE2707,761,760,14,200,36,58,287,1.842,26.316,37.763,40.82,40.5,1,01/03/2023,12/31/2021
DOMESTIC,MODERNA,014F21A,784,759,10,94,18,18,113,1.318,12.385,14.888,54.04,55.0,46,01/01/2022,12/30/2023
DOMESTIC,MODERNA,032F21A,773,758,18,57,7,11,82,2.375,7.52,10.818,55.48,58.0,48,01/02/2022,12/31/2021
NONDOMESTIC,PFIZER\BIONTECH,EY2173,757,757,45,188,15,16,242,5.945,24.835,31.968,52.26,47.5,1,01/09/2023,12/28/2022
NONDOMESTIC,PFIZER\BIONTECH,FE7010,753,753,8,130,36,38,185,1.062,17.264,24.568,39.6,41.0,1,01/05/2022,12/31/2021
DOMESTIC,PFIZER\BIONTECH,FD0810,763,748,7,52,3,6,63,0.936,6.952,8.422,60.75,64.0,30,01/01/2022,12/31/2021
DOMESTIC,MODERNA,025C21A,777,745,18,74,20,19,102,2.416,9.933,13.691,45.33,44.5,42,01/03/2022,12/29/2021
DOMESTIC,MODERNA,033C21A,776,745,15,86,10,16,113,2.013,11.544,15.168,49.06,49.0,43,01/03/2022,12/31/2021
DOMESTIC,MODERNA,AS7147B,751,745,1,20,0,0,21,0.134,2.685,2.819,54.63,56.0,24,01/02/2023,12/30/2022
DOMESTIC,PFIZER\BIONTECH,30135BA,810,744,24,115,14,28,143,3.226,15.457,19.22,50.33,51.0,49,01/01/2022,12/31/2021
NONDOMESTIC,PFIZER\BIONTECH,FC1526,749,744,16,203,32,101,332,2.151,27.285,44.624,45.23,46.0,1,01/02/2023,12/31/2021
DOMESTIC,JANSSEN,1822809,780,738,12,71,30,28,106,1.626,9.621,14.363,43.29,42.0,51,01/02/2022,12/31/2021
DOMESTIC,MODERNA,040C21A,756,737,8,64,11,7,74,1.085,8.684,10.041,49.02,48.0,48,01/01/2022,12/31/2021
NONDOMESTIC,PFIZER\BIONTECH,FF8222,774,737,7,85,39,116,188,0.95,11.533,25.509,51.82,51.0,1,01/03/2023,12/31/2021
DOMESTIC,MODERNA,036C21A,782,737,11,115,18,17,138,1.493,15.604,18.725,46.43,46.0,46,01/01/2023,12/31/2021
NONDOMESTIC,PFIZER\BIONTECH,FE7053,757,735,16,210,50,230,436,2.177,28.571,59.32,39.1,36.5,1,01/02/2024,12/31/2021
DOMESTIC,MODERNA,052E21A,763,735,21,53,17,18,83,2.857,7.211,11.293,47.72,47.0,47,01/09/2023,12/30/2022
NONDOMESTIC,PFIZER\BIONTECH,FC3098,731,730,8,150,45,61,233,1.096,20.548,31.918,43.6,44.0,1,01/03/2023,12/31/2021
DOMESTIC,JANSSEN,1802070,800,730,48,141,30,31,191,6.575,19.315,26.164,52.98,53.0,42,01/01/2022,12/30/2021
DOMESTIC,JANSSEN,1822811,802,729,15,99,34,35,139,2.058,13.58,19.067,46.74,45.0,47,01/03/2022,12/31/2021
NONDOMESTIC,PFIZER\BIONTECH,FK9413,737,728,1,50,25,83,123,0.137,6.868,16.896,52.31,55.0,1,01/05/2022,12/31/2021
NONDOMESTIC,PFIZER\BIONTECH,FE2625,732,728,7,131,36,258,409,0.962,17.995,56.181,38.74,38.0,1,01/04/2022,12/31/2021
DOMESTIC,MODERNA,014C21A,750,726,10,70,9,22,91,1.377,9.642,12.534,44.46,44.0,40,01/02/2022,12/31/2021
DOMESTIC,MODERNA,017F21A,739,722,23,127,9,21,155,3.186,17.59,21.468,57.36,60.0,48,01/03/2022,12/30/2021
NONDOMESTIC,PFIZER\BIONTECH,FE8405,721,716,11,256,41,26,290,1.536,35.754,40.503,44.99,46.0,1,01/05/2022,12/31/2024
NONDOMESTIC,PFIZER\BIONTECH,FG3739,719,716,13,165,31,69,252,1.816,23.045,35.196,45.66,45.0,1,01/03/2023,12/31/2021
NONDOMESTIC,PFIZER\BIONTECH,FG6273,714,714,11,180,40,57,267,1.541,25.21,37.395,38.14,37.0,1,01/05/2022,12/31/2021
NONDOMESTIC,PFIZER\BIONTECH,FH4751,713,712,0,52,27,83,129,0.0,7.303,18.118,51.96,55.5,1,01/05/2022,12/31/2021
NONDOMESTIC,MODERNA,3002916,710,710,1,51,12,82,132,0.141,7.183,18.592,41.56,42.0,1,01/02/2023,12/30/2021
NONDOMESTIC,PFIZER\BIONTECH,FD5613,713,710,2,43,19,60,98,0.282,6.056,13.803,31.42,32.0,2,01/04/2022,12/30/2021
NONDOMESTIC,PFIZER\BIONTECH,FF2382,713,710,26,148,38,123,298,3.662,20.845,41.972,47.04,47.0,1,01/03/2022,12/31/2021
NONDOMESTIC,PFIZER\BIONTECH,FE4728,709,709,4,86,36,127,228,0.564,12.13,32.158,36.46,37.0,1,01/02/2024,12/31/2021
NONDOMESTIC,JANSSEN,XD955,714,708,6,55,11,16,74,0.847,7.768,10.452,47.43,51.0,1,01/03/2022,12/31/2021
DOMESTIC,PFIZER\BIONTECH,301458A,727,701,8,59,7,18,75,1.141,8.417,10.699,52.62,53.0,49,01/02/2022,12/31/2021
DOMESTIC,PFIZER\BIONTECH,FJ4991,729,699,4,45,8,9,55,0.572,6.438,7.868,59.6,65.0,44,01/03/2023,12/31/2022
DOMESTIC,MODERNA,037F21A,717,697,14,71,8,18,96,2.009,10.187,13.773,53.83,55.0,43,01/03/2022,12/31/2021
NONDOMESTIC,PFIZER\BIONTECH,EE8492,697,695,2,40,12,134,171,0.288,5.755,24.604,41.91,42.0,1,01/06/2022,12/31/2021
DOMESTIC,MODERNA,AS7140C,705,691,1,25,2,4,29,0.145,3.618,4.197,60.63,63.0,39,01/03/2025,12/30/2022
DOMESTIC,MODERNA,058H21A,712,690,26,165,10,20,193,3.768,23.913,27.971,55.1,57.0,51,01/01/2022,12/31/2021
NONDOMESTIC,PFIZER\BIONTECH,EM6950,693,689,31,108,14,34,164,4.499,15.675,23.803,55.04,51.0,1,01/02/2024,12/30/2021
DOMESTIC,MODERNA,038C21A,694,680,19,54,8,18,81,2.794,7.941,11.912,47.5,47.0,48,01/02/2022,12/29/2021
NONDOMESTIC,PFIZER\BIONTECH,FC5089,681,676,7,131,42,46,209,1.036,19.379,30.917,40.38,37.0,1,01/04/2023,12/31/2021
DOMESTIC,MODERNA,032H21A,714,673,15,155,10,21,181,2.229,23.031,26.895,48.79,50.0,46,01/01/2022,12/31/2021
NONDOMESTIC,PFIZER\BIONTECH,FE2296,673,672,8,167,26,68,249,1.19,24.851,37.054,44.04,44.0,1,01/04/2022,12/31/2021
NONDOMESTIC,PFIZER\BIONTECH,FL1939,669,669,2,45,20,90,130,0.299,6.726,19.432,50.99,52.0,1,01/05/2022,12/31/2022
DOMESTIC,JANSSEN,213D21A,712,667,24,104,17,13,128,3.598,15.592,19.19,49.78,51.0,50,01/01/2022,12/31/2021
NONDOMESTIC,PFIZER\BIONTECH,FC1440,669,665,9,311,41,27,332,1.353,46.767,49.925,43.65,44.0,1,01/02/2024,12/31/2021
DOMESTIC,MODERNA,034C21A,678,660,4,57,5,10,67,0.606,8.636,10.152,50.4,51.0,37,01/05/2022,12/29/2021
DOMESTIC,MODERNA,084J21A,749,660,7,44,5,8,54,1.061,6.667,8.182,56.77,62.0,44,01/04/2023,12/31/2022
DOMESTIC,MODERNA,050C21A,675,655,7,79,16,23,97,1.069,12.061,14.809,44.06,42.0,38,01/03/2022,12/29/2021
DOMESTIC,MODERNA,039K202A,699,654,6,19,2,8,30,0.917,2.905,4.587,46.46,43.0,19,01/01/2021,12/31/2020
DOMESTIC,MODERNA,045J21A,675,652,19,128,5,16,151,2.914,19.632,23.16,53.65,56.0,41,01/02/2022,12/31/2021
DOMESTIC,MODERNA,067F21A,662,648,6,83,5,17,99,0.926,12.809,15.278,56.7,60.0,45,01/01/2022,12/31/2021
NONDOMESTIC,PFIZER\BIONTECH,FE2083,656,646,8,192,26,202,393,1.238,29.721,60.836,41.09,41.0,1,01/02/2025,12/31/2022
NONDOMESTIC,PFIZER\BIONTECH,FE1510,645,645,3,44,8,60,95,0.465,6.822,14.729,32.89,34.0,1,01/05/2022,12/31/2021
DOMESTIC,MODERNA,033H21A,658,642,7,48,8,4,61,1.09,7.477,9.502,51.14,52.0,47,01/01/2022,12/31/2021
DOMESTIC,MODERNA,068H21A,729,641,8,73,9,11,88,1.248,11.388,13.729,48.13,50.0,43,01/01/2022,12/31/2021
NONDOMESTIC,PFIZER\BIONTECH,EE8493,644,640,2,43,16,128,179,0.313,6.719,27.969,42.14,42.0,1,01/11/2021,12/27/2021
DOMESTIC,MODERNA,001M21A,653,639,9,62,3,5,69,1.408,9.703,10.798,65.9,69.0,50,01/03/2023,12/29/2022
NONDOMESTIC,PFIZER\BIONTECH,EK4244,645,637,3,43,21,76,125,0.471,6.75,19.623,50.47,51.0,1,01/06/2022,12/31/2021
DOMESTIC,PFIZER\BIONTECH,FL3209,687,637,9,76,9,17,96,1.413,11.931,15.071,39.88,38.0,45,01/02/2022,12/31/2021
DOMESTIC,MODERNA,033B21A,675,637,16,79,10,20,106,2.512,12.402,16.641,45.76,46.0,45,01/04/2023,12/30/2023
DOMESTIC,MODERNA,AS7146B,648,626,3,15,2,2,18,0.479,2.396,2.875,60.19,63.0,39,01/03/2023,12/30/2022
NONDOMESTIC,MODERNA,3003608,629,623,0,23,4,48,67,0.0,3.692,10.754,35.94,35.0,1,01/03/2022,12/29/2021
DOMESTIC,PFIZER\BIONTECH,FJ4989,673,622,8,73,10,12,85,1.286,11.736,13.666,59.79,62.0,51,01/03/2023,12/24/2022
NONDOMESTIC,MODERNA,3001943,619,619,1,27,15,34,66,0.162,4.362,10.662,49.72,51.0,1,01/03/2022,12/23/2021
NONDOMESTIC,PFIZER\BIONTECH,EK4243,622,617,15,49,15,79,135,2.431,7.942,21.88,56.92,57.0,1,01/08/2022,12/30/2021
DOMESTIC,PFIZER\BIONTECH,FP7138,648,617,5,25,7,3,34,0.81,4.052,5.511,50.91,55.0,49,01/03/2023,12/28/2022
DOMESTIC,PFIZER\BIONTECH,FN2908,638,614,15,98,8,7,110,2.443,15.961,17.915,51.5,57.0,52,01/03/2023,12/31/2022
NONDOMESTIC,PFIZER\BIONTECH,FG4493,620,614,11,176,26,45,237,1.792,28.664,38.599,40.49,40.0,1,01/05/2022,12/31/2021
DOMESTIC,MODERNA,024C21A,637,614,23,74,16,16,98,3.746,12.052,15.961,44.89,45.0,42,01/01/2022,12/31/2021
NONDOMESTIC,PFIZER\BIONTECH,FE1248,610,610,8,146,27,30,181,1.311,23.934,29.672,42.22,43.0,1,01/04/2023,12/30/2022
NONDOMESTIC,PFIZER\BIONTECH,FD0785,609,609,13,127,38,32,182,2.135,20.854,29.885,49.36,49.0,1,01/05/2022,12/31/2021
NONDOMESTIC,PFIZER\BIONTECH,FG7911,609,609,50,162,30,21,221,8.21,26.601,36.289,51.44,49.0,1,01/03/2023,12/31/2024
NONDOMESTIC,PFIZER\BIONTECH,FE8087,603,601,4,52,26,63,109,0.666,8.652,18.136,31.2,29.0,1,01/05/2022,12/31/2021
NONDOMESTIC,PFIZER\BIONTECH,FM3802,600,600,0,55,20,91,137,0.0,9.167,22.833,46.29,47.0,1,01/03/2023,12/31/2021
NONDOMESTIC,PFIZER\BIONTECH,FG7387,599,599,27,159,32,62,261,4.508,26.544,43.573,47.41,44.0,1,01/05/2022,12/31/2021
NONDOMESTIC,PFIZER\BIONTECH,FE7011,605,598,7,279,28,17,293,1.171,46.656,48.997,43.13,42.0,1,01/05/2022,12/31/2024
DOMESTIC,MODERNA,002M21A,615,592,5,94,10,8,101,0.845,15.878,17.061,65.43,68.0,50,01/05/2023,12/30/2022
