year,quarter,VAX_MANU,event,event_reports,total_reports,event_pct
2020,4,MODERNA,cvst,0.0,2360,0.0
2020,4,PFIZER\BIONTECH,cvst,0.0,5334,0.0
2021,1,JANSSEN,cvst,2.0,4616,0.0433
2021,1,MODERNA,cvst,2.0,82646,0.0024
2021,1,PFIZER\BIONTECH,cvst,1.0,55406,0.0018
2021,2,JANSSEN,cvst,45.0,22295,0.2018
2021,2,MODERNA,cvst,20.0,49194,0.0407
2021,2,PFIZER\BIONTECH,cvst,17.0,64319,0.0264
2021,3,JANSSEN,cvst,8.0,7714,0.1037
2021,3,MODERNA,cvst,10.0,59870,0.0167
2021,3,PFIZER\BIONTECH,cvst,9.0,47943,0.0188
2021,4,JANSSEN,cvst,5.0,6317,0.0792
2021,4,MODERNA,cvst,7.0,36323,0.0193
2021,4,PFIZER\BIONTECH,cvst,11.0,45994,0.0239
2022,1,JANSSEN,cvst,1.0,3206,0.0312
2022,1,MODERNA,cvst,3.0,24886,0.0121
2022,1,PFIZER\BIONTECH,cvst,8.0,34040,0.0235
2022,2,JANSSEN,cvst,2.0,1395,0.1434
2022,2,MODERNA,cvst,2.0,18560,0.0108
2022,2,PFIZER\BIONTECH,cvst,1.0,18299,0.0055
2022,3,JANSSEN,cvst,0.0,725,0.0
2022,3,MODERNA,cvst,1.0,12345,0.0081
2022,3,PFIZER\BIONTECH,cvst,1.0,14146,0.0071
2022,4,MODERNA,cvst,2.0,11549,0.0173
2022,4,PFIZER\BIONTECH,cvst,2.0,15348,0.013
2023,1,MODERNA,cvst,1.0,7887,0.0127
2023,1,PFIZER\BIONTECH,cvst,1.0,11689,0.0086
2023,2,MODERNA,cvst,0.0,6078,0.0
2023,2,PFIZER\BIONTECH,cvst,1.0,8729,0.0115
2023,3,MODERNA,cvst,0.0,5248,0.0
2023,3,PFIZER\BIONTECH,cvst,1.0,4688,0.0213
2023,4,MODERNA,cvst,1.0,6310,0.0158
2023,4,PFIZER\BIONTECH,cvst,0.0,3394,0.0
2024,1,MODERNA,cvst,0.0,1570,0.0
2024,1,PFIZER\BIONTECH,cvst,0.0,2189,0.0
2024,2,MODERNA,cvst,0.0,1023,0.0
2024,2,PFIZER\BIONTECH,cvst,0.0,1362,0.0
2024,3,MODERNA,cvst,0.0,958,0.0
2024,3,PFIZER\BIONTECH,cvst,0.0,1252,0.0
2024,4,MODERNA,cvst,0.0,1816,0.0
2024,4,PFIZER\BIONTECH,cvst,0.0,2033,0.0
2025,1,MODERNA,cvst,0.0,586,0.0
2025,1,PFIZER\BIONTECH,cvst,0.0,690,0.0
2025,2,MODERNA,cvst,0.0,507,0.0
2025,3,PFIZER\BIONTECH,cvst,0.0,534,0.0
2025,4,MODERNA,cvst,0.0,996,0.0
2025,4,PFIZER\BIONTECH,cvst,0.0,1054,0.0
2020,4,MODERNA,deep_vein_thrombosis,0.0,2360,0.0
2020,4,PFIZER\BIONTECH,deep_vein_thrombosis,0.0,5334,0.0
2021,1,JANSSEN,deep_vein_thrombosis,7.0,4616,0.1516
2021,1,MODERNA,deep_vein_thrombosis,84.0,82646,0.1016
2021,1,PFIZER\BIONTECH,deep_vein_thrombosis,93.0,55406,0.1679
2021,2,JANSSEN,deep_vein_thrombosis,238.0,22295,1.0675
2021,2,MODERNA,deep_vein_thrombosis,250.0,49194,0.5082
2021,2,PFIZER\BIONTECH,deep_vein_thrombosis,250.0,64319,0.3887
2021,3,JANSSEN,deep_vein_thrombosis,59.0,7714,0.7648
2021,3,MODERNA,deep_vein_thrombosis,117.0,59870,0.1954
2021,3,PFIZER\BIONTECH,deep_vein_thrombosis,141.0,47943,0.2941
2021,4,JANSSEN,deep_vein_thrombosis,44.0,6317,0.6965
2021,4,MODERNA,deep_vein_thrombosis,112.0,36323,0.3083
2021,4,PFIZER\BIONTECH,deep_vein_thrombosis,136.0,45994,0.2957
2022,1,JANSSEN,deep_vein_thrombosis,37.0,3206,1.1541
2022,1,MODERNA,deep_vein_thrombosis,87.0,24886,0.3496
2022,1,PFIZER\BIONTECH,deep_vein_thrombosis,85.0,34040,0.2497
2022,2,JANSSEN,deep_vein_thrombosis,19.0,1395,1.362
2022,2,MODERNA,deep_vein_thrombosis,26.0,18560,0.1401
2022,2,PFIZER\BIONTECH,deep_vein_thrombosis,50.0,18299,0.2732
2022,3,JANSSEN,deep_vein_thrombosis,5.0,725,0.6897
2022,3,MODERNA,deep_vein_thrombosis,18.0,12345,0.1458
2022,3,PFIZER\BIONTECH,deep_vein_thrombosis,30.0,14146,0.2121
2022,4,MODERNA,deep_vein_thrombosis,26.0,11549,0.2251
2022,4,PFIZER\BIONTECH,deep_vein_thrombosis,35.0,15348,0.228
2023,1,MODERNA,deep_vein_thrombosis,23.0,7887,0.2916
2023,1,PFIZER\BIONTECH,deep_vein_thrombosis,32.0,11689,0.2738
2023,2,MODERNA,deep_vein_thrombosis,95.0,6078,1.563
2023,2,PFIZER\BIONTECH,deep_vein_thrombosis,183.0,8729,2.0965
2023,3,MODERNA,deep_vein_thrombosis,22.0,5248,0.4192
2023,3,PFIZER\BIONTECH,deep_vein_thrombosis,92.0,4688,1.9625
2023,4,MODERNA,deep_vein_thrombosis,12.0,6310,0.1902
2023,4,PFIZER\BIONTECH,deep_vein_thrombosis,11.0,3394,0.3241
2024,1,MODERNA,deep_vein_thrombosis,5.0,1570,0.3185
2024,1,PFIZER\BIONTECH,deep_vein_thrombosis,12.0,2189,0.5482
2024,2,MODERNA,deep_vein_thrombosis,6.0,1023,0.5865
2024,2,PFIZER\BIONTECH,deep_vein_thrombosis,3.0,1362,0.2203
2024,3,MODERNA,deep_vein_thrombosis,4.0,958,0.4175
2024,3,PFIZER\BIONTECH,deep_vein_thrombosis,0.0,1252,0.0
2024,4,MODERNA,deep_vein_thrombosis,4.0,1816,0.2203
2024,4,PFIZER\BIONTECH,deep_vein_thrombosis,7.0,2033,0.3443
2025,1,MODERNA,deep_vein_thrombosis,3.0,586,0.5119
2025,1,PFIZER\BIONTECH,deep_vein_thrombosis,6.0,690,0.8696
2025,2,MODERNA,deep_vein_thrombosis,2.0,507,0.3945
2025,3,PFIZER\BIONTECH,deep_vein_thrombosis,3.0,534,0.5618
2025,4,MODERNA,deep_vein_thrombosis,2.0,996,0.2008
2025,4,PFIZER\BIONTECH,deep_vein_thrombosis,3.0,1054,0.2846
2020,4,MODERNA,guillain_barre,0.0,2360,0.0
2020,4,PFIZER\BIONTECH,guillain_barre,2.0,5334,0.0375
2021,1,JANSSEN,guillain_barre,3.0,4616,0.065
2021,1,MODERNA,guillain_barre,24.0,82646,0.029
2021,1,PFIZER\BIONTECH,guillain_barre,27.0,55406,0.0487
2021,2,JANSSEN,guillain_barre,55.0,22295,0.2467
2021,2,MODERNA,guillain_barre,54.0,49194,0.1098
2021,2,PFIZER\BIONTECH,guillain_barre,51.0,64319,0.0793
2021,3,JANSSEN,guillain_barre,62.0,7714,0.8037
2021,3,MODERNA,guillain_barre,42.0,59870,0.0702
2021,3,PFIZER\BIONTECH,guillain_barre,79.0,47943,0.1648
2021,4,JANSSEN,guillain_barre,28.0,6317,0.4432
2021,4,MODERNA,guillain_barre,25.0,36323,0.0688
2021,4,PFIZER\BIONTECH,guillain_barre,52.0,45994,0.1131
2022,1,JANSSEN,guillain_barre,14.0,3206,0.4367
2022,1,MODERNA,guillain_barre,19.0,24886,0.0763
2022,1,PFIZER\BIONTECH,guillain_barre,33.0,34040,0.0969
2022,2,JANSSEN,guillain_barre,8.0,1395,0.5735
2022,2,MODERNA,guillain_barre,12.0,18560,0.0647
2022,2,PFIZER\BIONTECH,guillain_barre,17.0,18299,0.0929
2022,3,JANSSEN,guillain_barre,5.0,725,0.6897
2022,3,MODERNA,guillain_barre,7.0,12345,0.0567
2022,3,PFIZER\BIONTECH,guillain_barre,10.0,14146,0.0707
2022,4,MODERNA,guillain_barre,6.0,11549,0.052
2022,4,PFIZER\BIONTECH,guillain_barre,10.0,15348,0.0652
2023,1,MODERNA,guillain_barre,3.0,7887,0.038
2023,1,PFIZER\BIONTECH,guillain_barre,7.0,11689,0.0599
2023,2,MODERNA,guillain_barre,5.0,6078,0.0823
2023,2,PFIZER\BIONTECH,guillain_barre,11.0,8729,0.126
2023,3,MODERNA,guillain_barre,3.0,5248,0.0572
2023,3,PFIZER\BIONTECH,guillain_barre,8.0,4688,0.1706
2023,4,MODERNA,guillain_barre,3.0,6310,0.0475
2023,4,PFIZER\BIONTECH,guillain_barre,7.0,3394,0.2062
2024,1,MODERNA,guillain_barre,6.0,1570,0.3822
2024,1,PFIZER\BIONTECH,guillain_barre,5.0,2189,0.2284
2024,2,MODERNA,guillain_barre,0.0,1023,0.0
2024,2,PFIZER\BIONTECH,guillain_barre,1.0,1362,0.0734
2024,3,MODERNA,guillain_barre,0.0,958,0.0
2024,3,PFIZER\BIONTECH,guillain_barre,3.0,1252,0.2396
2024,4,MODERNA,guillain_barre,3.0,1816,0.1652
2024,4,PFIZER\BIONTECH,guillain_barre,4.0,2033,0.1968
2025,1,MODERNA,guillain_barre,2.0,586,0.3413
2025,1,PFIZER\BIONTECH,guillain_barre,0.0,690,0.0
2025,2,MODERNA,guillain_barre,4.0,507,0.789
2025,3,PFIZER\BIONTECH,guillain_barre,0.0,534,0.0
2025,4,MODERNA,guillain_barre,2.0,996,0.2008
2025,4,PFIZER\BIONTECH,guillain_barre,3.0,1054,0.2846
2020,4,MODERNA,loss_of_consciousness,15.0,2360,0.6356
2020,4,PFIZER\BIONTECH,loss_of_consciousness,32.0,5334,0.5999
2021,1,JANSSEN,loss_of_consciousness,142.0,4616,3.0763
2021,1,MODERNA,loss_of_consciousness,944.0,82646,1.1422
2021,1,PFIZER\BIONTECH,loss_of_consciousness,680.0,55406,1.2273
2021,2,JANSSEN,loss_of_consciousness,1009.0,22295,4.5257
2021,2,MODERNA,loss_of_consciousness,1263.0,49194,2.5674
2021,2,PFIZER\BIONTECH,loss_of_consciousness,1962.0,64319,3.0504
2021,3,JANSSEN,loss_of_consciousness,299.0,7714,3.8761
2021,3,MODERNA,loss_of_consciousness,478.0,59870,0.7984
2021,3,PFIZER\BIONTECH,loss_of_consciousness,1014.0,47943,2.115
2021,4,JANSSEN,loss_of_consciousness,149.0,6317,2.3587
2021,4,MODERNA,loss_of_consciousness,344.0,36323,0.9471
2021,4,PFIZER\BIONTECH,loss_of_consciousness,655.0,45994,1.4241
2022,1,JANSSEN,loss_of_consciousness,71.0,3206,2.2146
2022,1,MODERNA,loss_of_consciousness,199.0,24886,0.7996
2022,1,PFIZER\BIONTECH,loss_of_consciousness,340.0,34040,0.9988
2022,2,JANSSEN,loss_of_consciousness,26.0,1395,1.8638
2022,2,MODERNA,loss_of_consciousness,79.0,18560,0.4256
2022,2,PFIZER\BIONTECH,loss_of_consciousness,131.0,18299,0.7159
2022,3,JANSSEN,loss_of_consciousness,11.0,725,1.5172
2022,3,MODERNA,loss_of_consciousness,62.0,12345,0.5022
2022,3,PFIZER\BIONTECH,loss_of_consciousness,131.0,14146,0.9261
2022,4,MODERNA,loss_of_consciousness,81.0,11549,0.7014
2022,4,PFIZER\BIONTECH,loss_of_consciousness,139.0,15348,0.9057
2023,1,MODERNA,loss_of_consciousness,35.0,7887,0.4438
2023,1,PFIZER\BIONTECH,loss_of_consciousness,64.0,11689,0.5475
2023,2,MODERNA,loss_of_consciousness,18.0,6078,0.2962
2023,2,PFIZER\BIONTECH,loss_of_consciousness,23.0,8729,0.2635
2023,3,MODERNA,loss_of_consciousness,19.0,5248,0.362
2023,3,PFIZER\BIONTECH,loss_of_consciousness,25.0,4688,0.5333
2023,4,MODERNA,loss_of_consciousness,74.0,6310,1.1727
2023,4,PFIZER\BIONTECH,loss_of_consciousness,60.0,3394,1.7678
2024,1,MODERNA,loss_of_consciousness,18.0,1570,1.1465
2024,1,PFIZER\BIONTECH,loss_of_consciousness,9.0,2189,0.4111
2024,2,MODERNA,loss_of_consciousness,22.0,1023,2.1505
2024,2,PFIZER\BIONTECH,loss_of_consciousness,15.0,1362,1.1013
2024,3,MODERNA,loss_of_consciousness,15.0,958,1.5658
2024,3,PFIZER\BIONTECH,loss_of_consciousness,23.0,1252,1.8371
2024,4,MODERNA,loss_of_consciousness,56.0,1816,3.0837
2024,4,PFIZER\BIONTECH,loss_of_consciousness,67.0,2033,3.2956
2025,1,MODERNA,loss_of_consciousness,9.0,586,1.5358
2025,1,PFIZER\BIONTECH,loss_of_consciousness,12.0,690,1.7391
2025,2,MODERNA,loss_of_consciousness,6.0,507,1.1834
2025,3,PFIZER\BIONTECH,loss_of_consciousness,15.0,534,2.809
2025,4,MODERNA,loss_of_consciousness,31.0,996,3.1124
2025,4,PFIZER\BIONTECH,loss_of_consciousness,36.0,1054,3.4156
2020,4,MODERNA,myocarditis,0.0,2360,0.0
2020,4,PFIZER\BIONTECH,myocarditis,0.0,5334,0.0
2021,1,JANSSEN,myocarditis,0.0,4616,0.0
2021,1,MODERNA,myocarditis,31.0,82646,0.0375
2021,1,PFIZER\BIONTECH,myocarditis,24.0,55406,0.0433
2021,2,JANSSEN,myocarditis,16.0,22295,0.0718
2021,2,MODERNA,myocarditis,164.0,49194,0.3334
2021,2,PFIZER\BIONTECH,myocarditis,407.0,64319,0.6328
2021,3,JANSSEN,myocarditis,18.0,7714,0.2333
2021,3,MODERNA,myocarditis,102.0,59870,0.1704
2021,3,PFIZER\BIONTECH,myocarditis,298.0,47943,0.6216
2021,4,JANSSEN,myocarditis,13.0,6317,0.2058
2021,4,MODERNA,myocarditis,105.0,36323,0.2891
2021,4,PFIZER\BIONTECH,myocarditis,203.0,45994,0.4414
2022,1,JANSSEN,myocarditis,7.0,3206,0.2183
2022,1,MODERNA,myocarditis,87.0,24886,0.3496
2022,1,PFIZER\BIONTECH,myocarditis,153.0,34040,0.4495
2022,2,JANSSEN,myocarditis,0.0,1395,0.0
2022,2,MODERNA,myocarditis,22.0,18560,0.1185
2022,2,PFIZER\BIONTECH,myocarditis,34.0,18299,0.1858
2022,3,JANSSEN,myocarditis,3.0,725,0.4138
2022,3,MODERNA,myocarditis,17.0,12345,0.1377
2022,3,PFIZER\BIONTECH,myocarditis,31.0,14146,0.2191
2022,4,MODERNA,myocarditis,13.0,11549,0.1126
2022,4,PFIZER\BIONTECH,myocarditis,30.0,15348,0.1955
2023,1,MODERNA,myocarditis,6.0,7887,0.0761
2023,1,PFIZER\BIONTECH,myocarditis,30.0,11689,0.2567
2023,2,MODERNA,myocarditis,10.0,6078,0.1645
2023,2,PFIZER\BIONTECH,myocarditis,17.0,8729,0.1948
2023,3,MODERNA,myocarditis,9.0,5248,0.1715
2023,3,PFIZER\BIONTECH,myocarditis,10.0,4688,0.2133
2023,4,MODERNA,myocarditis,3.0,6310,0.0475
2023,4,PFIZER\BIONTECH,myocarditis,14.0,3394,0.4125
2024,1,MODERNA,myocarditis,9.0,1570,0.5732
2024,1,PFIZER\BIONTECH,myocarditis,11.0,2189,0.5025
2024,2,MODERNA,myocarditis,3.0,1023,0.2933
2024,2,PFIZER\BIONTECH,myocarditis,8.0,1362,0.5874
2024,3,MODERNA,myocarditis,2.0,958,0.2088
2024,3,PFIZER\BIONTECH,myocarditis,1.0,1252,0.0799
2024,4,MODERNA,myocarditis,1.0,1816,0.0551
2024,4,PFIZER\BIONTECH,myocarditis,6.0,2033,0.2951
2025,1,MODERNA,myocarditis,5.0,586,0.8532
2025,1,PFIZER\BIONTECH,myocarditis,4.0,690,0.5797
2025,2,MODERNA,myocarditis,2.0,507,0.3945
2025,3,PFIZER\BIONTECH,myocarditis,6.0,534,1.1236
2025,4,MODERNA,myocarditis,5.0,996,0.502
2025,4,PFIZER\BIONTECH,myocarditis,7.0,1054,0.6641
2020,4,MODERNA,pericarditis,0.0,2360,0.0
2020,4,PFIZER\BIONTECH,pericarditis,0.0,5334,0.0
2021,1,JANSSEN,pericarditis,1.0,4616,0.0217
2021,1,MODERNA,pericarditis,39.0,82646,0.0472
2021,1,PFIZER\BIONTECH,pericarditis,40.0,55406,0.0722
2021,2,JANSSEN,pericarditis,24.0,22295,0.1076
2021,2,MODERNA,pericarditis,145.0,49194,0.2948
2021,2,PFIZER\BIONTECH,pericarditis,241.0,64319,0.3747
2021,3,JANSSEN,pericarditis,22.0,7714,0.2852
2021,3,MODERNA,pericarditis,89.0,59870,0.1487
2021,3,PFIZER\BIONTECH,pericarditis,212.0,47943,0.4422
2021,4,JANSSEN,pericarditis,17.0,6317,0.2691
2021,4,MODERNA,pericarditis,118.0,36323,0.3249
2021,4,PFIZER\BIONTECH,pericarditis,184.0,45994,0.4001
2022,1,JANSSEN,pericarditis,9.0,3206,0.2807
2022,1,MODERNA,pericarditis,61.0,24886,0.2451
2022,1,PFIZER\BIONTECH,pericarditis,84.0,34040,0.2468
2022,2,JANSSEN,pericarditis,3.0,1395,0.2151
2022,2,MODERNA,pericarditis,27.0,18560,0.1455
2022,2,PFIZER\BIONTECH,pericarditis,37.0,18299,0.2022
2022,3,JANSSEN,pericarditis,4.0,725,0.5517
2022,3,MODERNA,pericarditis,23.0,12345,0.1863
2022,3,PFIZER\BIONTECH,pericarditis,39.0,14146,0.2757
2022,4,MODERNA,pericarditis,22.0,11549,0.1905
2022,4,PFIZER\BIONTECH,pericarditis,25.0,15348,0.1629
2023,1,MODERNA,pericarditis,8.0,7887,0.1014
2023,1,PFIZER\BIONTECH,pericarditis,22.0,11689,0.1882
2023,2,MODERNA,pericarditis,10.0,6078,0.1645
2023,2,PFIZER\BIONTECH,pericarditis,18.0,8729,0.2062
2023,3,MODERNA,pericarditis,4.0,5248,0.0762
2023,3,PFIZER\BIONTECH,pericarditis,9.0,4688,0.192
2023,4,MODERNA,pericarditis,2.0,6310,0.0317
2023,4,PFIZER\BIONTECH,pericarditis,12.0,3394,0.3536
2024,1,MODERNA,pericarditis,6.0,1570,0.3822
2024,1,PFIZER\BIONTECH,pericarditis,14.0,2189,0.6396
2024,2,MODERNA,pericarditis,7.0,1023,0.6843
2024,2,PFIZER\BIONTECH,pericarditis,16.0,1362,1.1747
2024,3,MODERNA,pericarditis,6.0,958,0.6263
2024,3,PFIZER\BIONTECH,pericarditis,12.0,1252,0.9585
2024,4,MODERNA,pericarditis,15.0,1816,0.826
2024,4,PFIZER\BIONTECH,pericarditis,19.0,2033,0.9346
2025,1,MODERNA,pericarditis,5.0,586,0.8532
2025,1,PFIZER\BIONTECH,pericarditis,1.0,690,0.1449
2025,2,MODERNA,pericarditis,4.0,507,0.789
2025,3,PFIZER\BIONTECH,pericarditis,5.0,534,0.9363
2025,4,MODERNA,pericarditis,1.0,996,0.1004
2025,4,PFIZER\BIONTECH,pericarditis,9.0,1054,0.8539
2020,4,MODERNA,pulmonary_embolism,0.0,2360,0.0
2020,4,PFIZER\BIONTECH,pulmonary_embolism,0.0,5334,0.0
2021,1,JANSSEN,pulmonary_embolism,8.0,4616,0.1733
2021,1,MODERNA,pulmonary_embolism,117.0,82646,0.1416
2021,1,PFIZER\BIONTECH,pulmonary_embolism,100.0,55406,0.1805
2021,2,JANSSEN,pulmonary_embolism,263.0,22295,1.1796
2021,2,MODERNA,pulmonary_embolism,382.0,49194,0.7765
2021,2,PFIZER\BIONTECH,pulmonary_embolism,370.0,64319,0.5753
2021,3,JANSSEN,pulmonary_embolism,79.0,7714,1.0241
2021,3,MODERNA,pulmonary_embolism,150.0,59870,0.2505
2021,3,PFIZER\BIONTECH,pulmonary_embolism,197.0,47943,0.4109
2021,4,JANSSEN,pulmonary_embolism,63.0,6317,0.9973
2021,4,MODERNA,pulmonary_embolism,141.0,36323,0.3882
2021,4,PFIZER\BIONTECH,pulmonary_embolism,202.0,45994,0.4392
2022,1,JANSSEN,pulmonary_embolism,34.0,3206,1.0605
2022,1,MODERNA,pulmonary_embolism,111.0,24886,0.446
2022,1,PFIZER\BIONTECH,pulmonary_embolism,137.0,34040,0.4025
2022,2,JANSSEN,pulmonary_embolism,18.0,1395,1.2903
2022,2,MODERNA,pulmonary_embolism,35.0,18560,0.1886
2022,2,PFIZER\BIONTECH,pulmonary_embolism,64.0,18299,0.3497
2022,3,JANSSEN,pulmonary_embolism,7.0,725,0.9655
2022,3,MODERNA,pulmonary_embolism,48.0,12345,0.3888
2022,3,PFIZER\BIONTECH,pulmonary_embolism,40.0,14146,0.2828
2022,4,MODERNA,pulmonary_embolism,29.0,11549,0.2511
2022,4,PFIZER\BIONTECH,pulmonary_embolism,43.0,15348,0.2802
2023,1,MODERNA,pulmonary_embolism,26.0,7887,0.3297
2023,1,PFIZER\BIONTECH,pulmonary_embolism,52.0,11689,0.4449
2023,2,MODERNA,pulmonary_embolism,105.0,6078,1.7275
2023,2,PFIZER\BIONTECH,pulmonary_embolism,206.0,8729,2.3599
2023,3,MODERNA,pulmonary_embolism,36.0,5248,0.686
2023,3,PFIZER\BIONTECH,pulmonary_embolism,100.0,4688,2.1331
2023,4,MODERNA,pulmonary_embolism,14.0,6310,0.2219
2023,4,PFIZER\BIONTECH,pulmonary_embolism,11.0,3394,0.3241
2024,1,MODERNA,pulmonary_embolism,7.0,1570,0.4459
2024,1,PFIZER\BIONTECH,pulmonary_embolism,9.0,2189,0.4111
2024,2,MODERNA,pulmonary_embolism,9.0,1023,0.8798
2024,2,PFIZER\BIONTECH,pulmonary_embolism,6.0,1362,0.4405
2024,3,MODERNA,pulmonary_embolism,6.0,958,0.6263
2024,3,PFIZER\BIONTECH,pulmonary_embolism,2.0,1252,0.1597
2024,4,MODERNA,pulmonary_embolism,12.0,1816,0.6608
2024,4,PFIZER\BIONTECH,pulmonary_embolism,5.0,2033,0.2459
2025,1,MODERNA,pulmonary_embolism,7.0,586,1.1945
2025,1,PFIZER\BIONTECH,pulmonary_embolism,3.0,690,0.4348
2025,2,MODERNA,pulmonary_embolism,4.0,507,0.789
2025,3,PFIZER\BIONTECH,pulmonary_embolism,4.0,534,0.7491
2025,4,MODERNA,pulmonary_embolism,8.0,996,0.8032
2025,4,PFIZER\BIONTECH,pulmonary_embolism,7.0,1054,0.6641
2020,4,MODERNA,syncope,39.0,2360,1.6525
2020,4,PFIZER\BIONTECH,syncope,108.0,5334,2.0247
2021,1,JANSSEN,syncope,222.0,4616,4.8094
2021,1,MODERNA,syncope,1321.0,82646,1.5984
2021,1,PFIZER\BIONTECH,syncope,1352.0,55406,2.4402
2021,2,JANSSEN,syncope,1571.0,22295,7.0464
2021,2,MODERNA,syncope,1926.0,49194,3.9151
2021,2,PFIZER\BIONTECH,syncope,3665.0,64319,5.6982
2021,3,JANSSEN,syncope,340.0,7714,4.4076
2021,3,MODERNA,syncope,719.0,59870,1.2009
2021,3,PFIZER\BIONTECH,syncope,1697.0,47943,3.5396
2021,4,JANSSEN,syncope,257.0,6317,4.0684
2021,4,MODERNA,syncope,542.0,36323,1.4922
2021,4,PFIZER\BIONTECH,syncope,1261.0,45994,2.7417
2022,1,JANSSEN,syncope,91.0,3206,2.8384
2022,1,MODERNA,syncope,300.0,24886,1.2055
2022,1,PFIZER\BIONTECH,syncope,640.0,34040,1.8801
2022,2,JANSSEN,syncope,28.0,1395,2.0072
2022,2,MODERNA,syncope,131.0,18560,0.7058
2022,2,PFIZER\BIONTECH,syncope,206.0,18299,1.1257
2022,3,JANSSEN,syncope,20.0,725,2.7586
2022,3,MODERNA,syncope,99.0,12345,0.8019
2022,3,PFIZER\BIONTECH,syncope,198.0,14146,1.3997
2022,4,MODERNA,syncope,144.0,11549,1.2469
2022,4,PFIZER\BIONTECH,syncope,270.0,15348,1.7592
2023,1,MODERNA,syncope,53.0,7887,0.672
2023,1,PFIZER\BIONTECH,syncope,108.0,11689,0.9239
2023,2,MODERNA,syncope,29.0,6078,0.4771
2023,2,PFIZER\BIONTECH,syncope,50.0,8729,0.5728
2023,3,MODERNA,syncope,22.0,5248,0.4192
2023,3,PFIZER\BIONTECH,syncope,43.0,4688,0.9172
2023,4,MODERNA,syncope,97.0,6310,1.5372
2023,4,PFIZER\BIONTECH,syncope,88.0,3394,2.5928
2024,1,MODERNA,syncope,29.0,1570,1.8471
2024,1,PFIZER\BIONTECH,syncope,33.0,2189,1.5075
2024,2,MODERNA,syncope,73.0,1023,7.1359
2024,2,PFIZER\BIONTECH,syncope,65.0,1362,4.7724
2024,3,MODERNA,syncope,41.0,958,4.2797
2024,3,PFIZER\BIONTECH,syncope,34.0,1252,2.7157
2024,4,MODERNA,syncope,85.0,1816,4.6806
2024,4,PFIZER\BIONTECH,syncope,96.0,2033,4.7221
2025,1,MODERNA,syncope,13.0,586,2.2184
2025,1,PFIZER\BIONTECH,syncope,26.0,690,3.7681
2025,2,MODERNA,syncope,8.0,507,1.5779
2025,3,PFIZER\BIONTECH,syncope,22.0,534,4.1199
2025,4,MODERNA,syncope,53.0,996,5.3213
2025,4,PFIZER\BIONTECH,syncope,79.0,1054,7.4953
2020,4,MODERNA,thrombosis_any,1.0,2360,0.0424
2020,4,PFIZER\BIONTECH,thrombosis_any,1.0,5334,0.0187
2021,1,JANSSEN,thrombosis_any,16.0,4616,0.3466
2021,1,MODERNA,thrombosis_any,192.0,82646,0.2323
2021,1,PFIZER\BIONTECH,thrombosis_any,224.0,55406,0.4043
2021,2,JANSSEN,thrombosis_any,743.0,22295,3.3326
2021,2,MODERNA,thrombosis_any,708.0,49194,1.4392
2021,2,PFIZER\BIONTECH,thrombosis_any,865.0,64319,1.3449
2021,3,JANSSEN,thrombosis_any,193.0,7714,2.5019
2021,3,MODERNA,thrombosis_any,413.0,59870,0.6898
2021,3,PFIZER\BIONTECH,thrombosis_any,522.0,47943,1.0888
2021,4,JANSSEN,thrombosis_any,163.0,6317,2.5803
2021,4,MODERNA,thrombosis_any,352.0,36323,0.9691
2021,4,PFIZER\BIONTECH,thrombosis_any,451.0,45994,0.9806
2022,1,JANSSEN,thrombosis_any,100.0,3206,3.1192
2022,1,MODERNA,thrombosis_any,237.0,24886,0.9523
2022,1,PFIZER\BIONTECH,thrombosis_any,299.0,34040,0.8784
2022,2,JANSSEN,thrombosis_any,65.0,1395,4.6595
2022,2,MODERNA,thrombosis_any,128.0,18560,0.6897
2022,2,PFIZER\BIONTECH,thrombosis_any,168.0,18299,0.9181
2022,3,JANSSEN,thrombosis_any,23.0,725,3.1724
2022,3,MODERNA,thrombosis_any,68.0,12345,0.5508
2022,3,PFIZER\BIONTECH,thrombosis_any,99.0,14146,0.6998
2022,4,MODERNA,thrombosis_any,59.0,11549,0.5109
2022,4,PFIZER\BIONTECH,thrombosis_any,109.0,15348,0.7102
2023,1,MODERNA,thrombosis_any,63.0,7887,0.7988
2023,1,PFIZER\BIONTECH,thrombosis_any,109.0,11689,0.9325
2023,2,MODERNA,thrombosis_any,129.0,6078,2.1224
2023,2,PFIZER\BIONTECH,thrombosis_any,212.0,8729,2.4287
2023,3,MODERNA,thrombosis_any,35.0,5248,0.6669
2023,3,PFIZER\BIONTECH,thrombosis_any,111.0,4688,2.3677
2023,4,MODERNA,thrombosis_any,27.0,6310,0.4279
2023,4,PFIZER\BIONTECH,thrombosis_any,26.0,3394,0.7661
2024,1,MODERNA,thrombosis_any,13.0,1570,0.828
2024,1,PFIZER\BIONTECH,thrombosis_any,25.0,2189,1.1421
2024,2,MODERNA,thrombosis_any,12.0,1023,1.173
2024,2,PFIZER\BIONTECH,thrombosis_any,14.0,1362,1.0279
2024,3,MODERNA,thrombosis_any,11.0,958,1.1482
2024,3,PFIZER\BIONTECH,thrombosis_any,8.0,1252,0.639
2024,4,MODERNA,thrombosis_any,12.0,1816,0.6608
2024,4,PFIZER\BIONTECH,thrombosis_any,24.0,2033,1.1805
2025,1,MODERNA,thrombosis_any,9.0,586,1.5358
2025,1,PFIZER\BIONTECH,thrombosis_any,12.0,690,1.7391
2025,2,MODERNA,thrombosis_any,4.0,507,0.789
2025,3,PFIZER\BIONTECH,thrombosis_any,8.0,534,1.4981
2025,4,MODERNA,thrombosis_any,7.0,996,0.7028
2025,4,PFIZER\BIONTECH,thrombosis_any,9.0,1054,0.8539
