lot_number,VAX_MANU,reports,serious_reports,deaths,total_doses_shipped,reports_per_million,serious_per_million,deaths_per_million,source_rows,source_files,source_sheets
1111FG3527,PFIZER\BIONTECH,80,80.0,1.0,17100.0,4678.36,4678.36,58.48,3,2023-00157-A-PHS-New-data-set.xlsx; 22-01271-Pfizer-2022-0426.xlsx,#3 Data; C2
1111FJ1611,PFIZER\BIONTECH,22,22.0,0.0,11372.0,1934.58,1934.58,0.0,3,2023-00157-A-PHS-New-data-set.xlsx; 22-01271-Pfizer-2022-0426.xlsx,#3 Data; C2
EWO169,PFIZER\BIONTECH,45,10.0,1.0,10014.0,4493.71,998.6,99.86,44,2023-00157-A-PHS-New-data-set.xlsx; 22-01271-Pfizer-2022-0426.xlsx,#3 Data; C2
EWO217,PFIZER\BIONTECH,36,13.0,0.0,18731.0,1921.95,694.04,0.0,52,2023-00157-A-PHS-New-data-set.xlsx; 22-01271-Pfizer-2022-0426.xlsx,#3 Data; C2
EW1050,PFIZER\BIONTECH,25,8.0,0.0,11536.0,2167.13,693.48,0.0,43,2023-00157-A-PHS-New-data-set.xlsx; 22-01271-Pfizer-2022-0426.xlsx,#3 Data; C2
ELO140,PFIZER\BIONTECH,171,17.0,3.0,25352.0,6745.03,670.56,118.33,49,2023-00157-A-PHS-New-data-set.xlsx; 22-01271-Pfizer-2022-0426.xlsx,#3 Data; C2
EWO162,PFIZER\BIONTECH,57,10.0,1.0,15377.0,3706.83,650.32,65.03,49,2023-00157-A-PHS-New-data-set.xlsx; 22-01271-Pfizer-2022-0426.xlsx,#3 Data; C2
5926710001,PFIZER\BIONTECH,45,11.0,4.0,17863.0,2519.17,615.8,223.93,115,2023-00157-A-PHS-New-data-set.xlsx; 22-01271-Pfizer-2022-0426.xlsx,#3 Data; C2
EWO183,PFIZER\BIONTECH,51,9.0,2.0,14971.0,3406.59,601.16,133.59,50,2023-00157-A-PHS-New-data-set.xlsx; 22-01271-Pfizer-2022-0426.xlsx,#3 Data; C2
EN2613,PFIZER\BIONTECH,39,10.0,4.0,17156.0,2273.26,582.89,233.15,46,2023-00157-A-PHS-New-data-set.xlsx; 22-01271-Pfizer-2022-0426.xlsx,#3 Data; C2
EWO158,PFIZER\BIONTECH,58,10.0,0.0,17244.0,3363.49,579.91,0.0,43,2023-00157-A-PHS-New-data-set.xlsx; 22-01271-Pfizer-2022-0426.xlsx,#3 Data; C2
EWO172,PFIZER\BIONTECH,61,12.0,1.0,21705.0,2810.41,552.87,46.07,54,2023-00157-A-PHS-New-data-set.xlsx; 22-01271-Pfizer-2022-0426.xlsx,#3 Data; C2
EW0160,PFIZER\BIONTECH,17,5.0,1.0,10120.0,1679.84,494.07,98.81,58,2023-00157-A-PHS-New-data-set.xlsx; 22-01271-Pfizer-2022-0426.xlsx,#3 Data; C2
EL926,PFIZER\BIONTECH,15,6.0,0.0,13758.0,1090.27,436.11,0.0,59,2023-00157-A-PHS-New-data-set.xlsx; 22-01271-Pfizer-2022-0426.xlsx,#3 Data; C2
3303080,PFIZER\BIONTECH,38,9.0,1.0,21004.0,1809.18,428.49,47.61,77,2023-00157-A-PHS-New-data-set.xlsx; 22-01271-Pfizer-2022-0426.xlsx,#3 Data; C2
EWO151,PFIZER\BIONTECH,41,5.0,0.0,12355.0,3318.49,404.69,0.0,48,2023-00157-A-PHS-New-data-set.xlsx; 22-01271-Pfizer-2022-0426.xlsx,#3 Data; C2
EWO196,PFIZER\BIONTECH,38,8.0,0.0,19861.0,1913.3,402.8,0.0,56,2023-00157-A-PHS-New-data-set.xlsx; 22-01271-Pfizer-2022-0426.xlsx,#3 Data; C2
ELO142,PFIZER\BIONTECH,116,14.0,1.0,35009.0,3313.43,399.9,28.56,46,2023-00157-A-PHS-New-data-set.xlsx; 22-01271-Pfizer-2022-0426.xlsx,#3 Data; C2
EN8730,PFIZER\BIONTECH,33,6.0,0.0,15193.0,2172.05,394.92,0.0,50,2023-00157-A-PHS-New-data-set.xlsx; 22-01271-Pfizer-2022-0426.xlsx,#3 Data; C2
EWO167,PFIZER\BIONTECH,34,5.0,1.0,12933.0,2628.93,386.61,77.32,52,2023-00157-A-PHS-New-data-set.xlsx; 22-01271-Pfizer-2022-0426.xlsx,#3 Data; C2
EWO177,PFIZER\BIONTECH,42,8.0,2.0,20724.0,2026.64,386.03,96.51,60,2023-00157-A-PHS-New-data-set.xlsx; 22-01271-Pfizer-2022-0426.xlsx,#3 Data; C2
FF841,PFIZER\BIONTECH,19,6.0,0.0,15652.0,1213.9,383.34,0.0,79,2023-00157-A-PHS-New-data-set.xlsx; 22-01271-Pfizer-2022-0426.xlsx,#3 Data; C2
EWO170,PFIZER\BIONTECH,41,7.0,0.0,18454.0,2221.74,379.32,0.0,51,2023-00157-A-PHS-New-data-set.xlsx; 22-01271-Pfizer-2022-0426.xlsx,#3 Data; C2
EL5318,PFIZER\BIONTECH,25,8.0,2.0,21391.0,1168.72,373.99,93.5,57,2023-00157-A-PHS-New-data-set.xlsx; 22-01271-Pfizer-2022-0426.xlsx,#3 Data; C2
EWO176,PFIZER\BIONTECH,38,5.0,0.0,13383.0,2839.42,373.61,0.0,51,2023-00157-A-PHS-New-data-set.xlsx; 22-01271-Pfizer-2022-0426.xlsx,#3 Data; C2
FF3592,PFIZER\BIONTECH,11,4.0,1.0,10802.0,1018.33,370.3,92.58,47,2023-00157-A-PHS-New-data-set.xlsx; 22-01271-Pfizer-2022-0426.xlsx,#3 Data; C2
EWO182,PFIZER\BIONTECH,43,7.0,1.0,18932.0,2271.29,369.74,52.82,48,2023-00157-A-PHS-New-data-set.xlsx; 22-01271-Pfizer-2022-0426.xlsx,#3 Data; C2
EWO180,PFIZER\BIONTECH,37,7.0,1.0,19232.0,1923.88,363.98,52.0,53,2023-00157-A-PHS-New-data-set.xlsx; 22-01271-Pfizer-2022-0426.xlsx,#3 Data; C2
EN6955,PFIZER\BIONTECH,52,14.0,3.0,41286.0,1259.51,339.1,72.66,54,2023-00157-A-PHS-New-data-set.xlsx; 22-01271-Pfizer-2022-0426.xlsx,#3 Data; C2
EWO181,PFIZER\BIONTECH,30,6.0,0.0,18095.0,1657.92,331.58,0.0,57,2023-00157-A-PHS-New-data-set.xlsx; 22-01271-Pfizer-2022-0426.xlsx,#3 Data; C2
EWO179,PFIZER\BIONTECH,103,6.0,1.0,18240.0,5646.93,328.95,54.82,57,2023-00157-A-PHS-New-data-set.xlsx; 22-01271-Pfizer-2022-0426.xlsx,#3 Data; C2
EK9321,PFIZER\BIONTECH,25,4.0,0.0,12407.0,2014.99,322.4,0.0,47,2023-00157-A-PHS-New-data-set.xlsx; 22-01271-Pfizer-2022-0426.xlsx,#3 Data; C2
EWO153,PFIZER\BIONTECH,51,5.0,0.0,15902.0,3207.14,314.43,0.0,40,2023-00157-A-PHS-New-data-set.xlsx; 22-01271-Pfizer-2022-0426.xlsx,#3 Data; C2
EWO185,PFIZER\BIONTECH,39,8.0,0.0,25530.0,1527.61,313.36,0.0,54,2023-00157-A-PHS-New-data-set.xlsx; 22-01271-Pfizer-2022-0426.xlsx,#3 Data; C2
EWO187,PFIZER\BIONTECH,67,9.0,0.0,29933.0,2238.33,300.67,0.0,61,2023-00157-A-PHS-New-data-set.xlsx; 22-01271-Pfizer-2022-0426.xlsx,#3 Data; C2
EWO161,PFIZER\BIONTECH,31,3.0,1.0,10335.0,2999.52,290.28,96.76,49,2023-00157-A-PHS-New-data-set.xlsx; 22-01271-Pfizer-2022-0426.xlsx,#3 Data; C2
EWO178,PFIZER\BIONTECH,31,5.0,1.0,18083.0,1714.32,276.5,55.3,57,2023-00157-A-PHS-New-data-set.xlsx; 22-01271-Pfizer-2022-0426.xlsx,#3 Data; C2
EWO168,PFIZER\BIONTECH,39,4.0,0.0,14716.0,2650.18,271.81,0.0,50,2023-00157-A-PHS-New-data-set.xlsx; 22-01271-Pfizer-2022-0426.xlsx,#3 Data; C2
EWO173,PFIZER\BIONTECH,65,6.0,0.0,22111.0,2939.71,271.36,0.0,51,2023-00157-A-PHS-New-data-set.xlsx; 22-01271-Pfizer-2022-0426.xlsx,#3 Data; C2
EW1077,PFIZER\BIONTECH,17,4.0,1.0,14842.0,1145.4,269.51,67.38,55,2023-00157-A-PHS-New-data-set.xlsx; 22-01271-Pfizer-2022-0426.xlsx,#3 Data; C2
EL9621,PFIZER\BIONTECH,10,3.0,0.0,11706.0,854.26,256.28,0.0,46,2023-00157-A-PHS-New-data-set.xlsx; 22-01271-Pfizer-2022-0426.xlsx,#3 Data; C2
FF2539,PFIZER\BIONTECH,9,3.0,0.0,12271.0,733.44,244.48,0.0,55,2023-00157-A-PHS-New-data-set.xlsx; 22-01271-Pfizer-2022-0426.xlsx,#3 Data; C2
3203080,PFIZER\BIONTECH,61,5.0,0.0,21238.0,2872.21,235.43,0.0,73,2023-00157-A-PHS-New-data-set.xlsx; 22-01271-Pfizer-2022-0426.xlsx,#3 Data; C2
EWO198,PFIZER\BIONTECH,50,4.0,0.0,17309.0,2888.67,231.09,0.0,59,2023-00157-A-PHS-New-data-set.xlsx; 22-01271-Pfizer-2022-0426.xlsx,#3 Data; C2
FF3590,PFIZER\BIONTECH,26,8.0,2.0,35463.0,733.16,225.59,56.4,67,2023-00157-A-PHS-New-data-set.xlsx; 22-01271-Pfizer-2022-0426.xlsx,#3 Data; C2
EWO186,PFIZER\BIONTECH,43,5.0,0.0,22883.0,1879.12,218.5,0.0,60,2023-00157-A-PHS-New-data-set.xlsx; 22-01271-Pfizer-2022-0426.xlsx,#3 Data; C2
PAA165969,PFIZER\BIONTECH,68,18.0,1.0,92277.0,736.91,195.06,10.84,96,2023-00157-A-PHS-New-data-set.xlsx; 22-01271-Pfizer-2022-0426.xlsx,#3 Data; C2
3302680,PFIZER\BIONTECH,32,2.0,0.0,10848.0,2949.85,184.37,0.0,66,2023-00157-A-PHS-New-data-set.xlsx; 22-01271-Pfizer-2022-0426.xlsx,#3 Data; C2
FC3185,PFIZER\BIONTECH,8,2.0,1.0,11196.0,714.54,178.64,89.32,58,2023-00157-A-PHS-New-data-set.xlsx; 22-01271-Pfizer-2022-0426.xlsx,#3 Data; C2
33038D,PFIZER\BIONTECH,4,2.0,0.0,11611.0,344.5,172.25,0.0,78,2023-00157-A-PHS-New-data-set.xlsx; 22-01271-Pfizer-2022-0426.xlsx,#3 Data; C2
EWO191,PFIZER\BIONTECH,41,4.0,0.0,24798.0,1653.36,161.3,0.0,60,2023-00157-A-PHS-New-data-set.xlsx; 22-01271-Pfizer-2022-0426.xlsx,#3 Data; C2
PAA173696,PFIZER\BIONTECH,30,5.0,3.0,32068.0,935.51,155.92,93.55,93,2023-00157-A-PHS-New-data-set.xlsx; 22-01271-Pfizer-2022-0426.xlsx,#3 Data; C2
EW0197,PFIZER\BIONTECH,4,2.0,0.0,13056.0,306.37,153.19,0.0,58,2023-00157-A-PHS-New-data-set.xlsx; 22-01271-Pfizer-2022-0426.xlsx,#3 Data; C2
PAA156051,PFIZER\BIONTECH,99,19.0,2.0,125282.0,790.22,151.66,15.96,71,2023-00157-A-PHS-New-data-set.xlsx; 22-01271-Pfizer-2022-0426.xlsx,#3 Data; C2
FF2258,PFIZER\BIONTECH,5,2.0,0.0,13293.0,376.14,150.46,0.0,42,2023-00157-A-PHS-New-data-set.xlsx; 22-01271-Pfizer-2022-0426.xlsx,#3 Data; C2
320308,PFIZER\BIONTECH,5,2.0,1.0,13455.0,371.61,148.64,74.32,66,2023-00157-A-PHS-New-data-set.xlsx; 22-01271-Pfizer-2022-0426.xlsx,#3 Data; C2
GJ3277,PFIZER\BIONTECH,1133,579.0,20.0,3930955.0,288.23,147.29,5.09,7141,2023-00157-A-PHS-New-data-set.xlsx,#3 Data; Part2
FD7220,PFIZER\BIONTECH,18,7.0,1.0,48550.0,370.75,144.18,20.6,57,2023-00157-A-PHS-New-data-set.xlsx; 22-01271-Pfizer-2022-0426.xlsx; 22-01272-Pfizer-Shipped-2022-0426.xlsx; Amended-22-01962-Pfizer-2022-0426-pulled-2022-0823.xlsx,#3 Data; B2; C-Domestic; C2; Part2; Source File
EWO171,PFIZER\BIONTECH,58,5.0,0.0,36203.0,1602.08,138.11,0.0,50,2023-00157-A-PHS-New-data-set.xlsx; 22-01271-Pfizer-2022-0426.xlsx,#3 Data; C2
EK4176,PFIZER\BIONTECH,1934,275.0,45.0,2073289.0,932.82,132.64,21.7,626,2023-00157-A-PHS-New-data-set.xlsx; 22-01271-Pfizer-2022-0426.xlsx; 22-01272-Pfizer-Shipped-2022-0426.xlsx; Amended-22-01962-Pfizer-2022-0426-pulled-2022-0823.xlsx,#3 Data; B2; C-Domestic; C2; Part2; Source File
EN7534,PFIZER\BIONTECH,22,3.0,1.0,23073.0,953.5,130.02,43.34,47,2023-00157-A-PHS-New-data-set.xlsx; 22-01271-Pfizer-2022-0426.xlsx,#3 Data; C2
EWO175,PFIZER\BIONTECH,51,2.0,0.0,15687.0,3251.1,127.49,0.0,50,2023-00157-A-PHS-New-data-set.xlsx; 22-01271-Pfizer-2022-0426.xlsx,#3 Data; C2
EL9261,PFIZER\BIONTECH,2636,832.0,232.0,7037705.0,374.55,118.22,32.97,2529,2023-00157-A-PHS-New-data-set.xlsx; 22-01271-Pfizer-2022-0426.xlsx; 22-01272-Pfizer-Shipped-2022-0426.xlsx; Amended-22-01962-Pfizer-2022-0426-pulled-2022-0823.xlsx,#3 Data; B2; C-Domestic; C2; Part2; Source File
EL9265,PFIZER\BIONTECH,1750,638.0,119.0,5518912.0,317.09,115.6,21.56,1613,2023-00157-A-PHS-New-data-set.xlsx; 22-01271-Pfizer-2022-0426.xlsx; 22-01272-Pfizer-Shipped-2022-0426.xlsx; Amended-22-01962-Pfizer-2022-0426-pulled-2022-0823.xlsx,#3 Data; B2; C-Domestic; C2; Part2; Source File
EM9810,PFIZER\BIONTECH,1736,652.0,161.0,5650006.0,307.26,115.4,28.5,2210,2023-00157-A-PHS-New-data-set.xlsx; 22-01271-Pfizer-2022-0426.xlsx; 22-01272-Pfizer-Shipped-2022-0426.xlsx; Amended-22-01962-Pfizer-2022-0426-pulled-2022-0823.xlsx,#3 Data; B2; C-Domestic; C2; Part2; Source File
301558A,PFIZER\BIONTECH,388,94.0,12.0,857061.0,452.71,109.68,14.0,166,2023-00157-A-PHS-New-data-set.xlsx; 22-01271-Pfizer-2022-0426.xlsx,#3 Data; C2
301358A,PFIZER\BIONTECH,462,101.0,12.0,976496.0,473.12,103.43,12.29,198,2023-00157-A-PHS-New-data-set.xlsx; 22-01271-Pfizer-2022-0426.xlsx,#3 Data; C2
EL3249,PFIZER\BIONTECH,2740,638.0,156.0,6173736.0,443.82,103.34,25.27,2700,2023-00157-A-PHS-New-data-set.xlsx; 22-01271-Pfizer-2022-0426.xlsx; 22-01272-Pfizer-Shipped-2022-0426.xlsx; Amended-22-01962-Pfizer-2022-0426-pulled-2022-0823.xlsx,#3 Data; B2; C-Domestic; C2; Part2; Source File
EN9581,PFIZER\BIONTECH,957,289.0,101.0,2970255.0,322.19,97.3,34.0,1598,2023-00157-A-PHS-New-data-set.xlsx; 22-01271-Pfizer-2022-0426.xlsx; 22-01272-Pfizer-Shipped-2022-0426.xlsx; Amended-22-01962-Pfizer-2022-0426-pulled-2022-0823.xlsx,#3 Data; B2; C-Domestic; C2; Part2; Source File
EW1053,PFIZER\BIONTECH,20,2.0,0.0,20571.0,972.24,97.22,0.0,47,2023-00157-A-PHS-New-data-set.xlsx; 22-01271-Pfizer-2022-0426.xlsx,#3 Data; C2
EW1072,PFIZER\BIONTECH,14,1.0,0.0,10330.0,1355.28,96.81,0.0,51,2023-00157-A-PHS-New-data-set.xlsx; 22-01271-Pfizer-2022-0426.xlsx,#3 Data; C2
FE2589,PFIZER\BIONTECH,6,1.0,0.0,10384.0,577.81,96.3,0.0,50,2023-00157-A-PHS-New-data-set.xlsx; 22-01271-Pfizer-2022-0426.xlsx,#3 Data; C2
301308A,PFIZER\BIONTECH,982,177.0,20.0,1861269.0,527.6,95.1,10.75,230,2023-00157-A-PHS-New-data-set.xlsx; 22-01271-Pfizer-2022-0426.xlsx,#3 Data; C2
EL9267,PFIZER\BIONTECH,1652,558.0,139.0,5883875.0,280.77,94.84,23.62,1519,2023-00157-A-PHS-New-data-set.xlsx; 22-01271-Pfizer-2022-0426.xlsx; 22-01272-Pfizer-Shipped-2022-0426.xlsx; Amended-22-01962-Pfizer-2022-0426-pulled-2022-0823.xlsx,#3 Data; B2; C-Domestic; C2; Part2; Source File
EL0140,PFIZER\BIONTECH,1972,354.0,137.0,3745488.0,526.5,94.51,36.58,1800,2023-00157-A-PHS-New-data-set.xlsx; 22-01271-Pfizer-2022-0426.xlsx; 22-01272-Pfizer-Shipped-2022-0426.xlsx; Amended-22-01962-Pfizer-2022-0426-pulled-2022-0823.xlsx,#3 Data; B2; C-Domestic; C2; Part2; Source File
FE2593,PFIZER\BIONTECH,6,2.0,0.0,21226.0,282.67,94.22,0.0,62,2023-00157-A-PHS-New-data-set.xlsx; 22-01271-Pfizer-2022-0426.xlsx,#3 Data; C2
EL3248,PFIZER\BIONTECH,2553,488.0,161.0,5183707.0,492.5,94.14,31.06,1824,2023-00157-A-PHS-New-data-set.xlsx; 22-01271-Pfizer-2022-0426.xlsx; 22-01272-Pfizer-Shipped-2022-0426.xlsx; Amended-22-01962-Pfizer-2022-0426-pulled-2022-0823.xlsx,#3 Data; B2; C-Domestic; C2; Part2; Source File
301588A,PFIZER\BIONTECH,10,1.0,0.0,10755.0,929.8,92.98,0.0,52,2023-00157-A-PHS-New-data-set.xlsx; 22-01271-Pfizer-2022-0426.xlsx,#3 Data; C2
GJ3275,PFIZER\BIONTECH,470,76.0,12.0,818022.0,574.56,92.91,14.67,1911,2023-00157-A-PHS-New-data-set.xlsx,#3 Data; Part2
FE3952,PFIZER\BIONTECH,8,1.0,0.0,10824.0,739.1,92.39,0.0,47,2023-00157-A-PHS-New-data-set.xlsx; 22-01271-Pfizer-2022-0426.xlsx,#3 Data; C2
330308,PFIZER\BIONTECH,5,1.0,0.0,11016.0,453.89,90.78,0.0,66,2023-00157-A-PHS-New-data-set.xlsx; 22-01271-Pfizer-2022-0426.xlsx,#3 Data; C2
F63527,PFIZER\BIONTECH,83,7.0,0.0,77304.0,1073.68,90.55,0.0,99,2023-00157-A-PHS-New-data-set.xlsx; 22-01271-Pfizer-2022-0426.xlsx,#3 Data; C2
EL3264,PFIZER\BIONTECH,5,1.0,0.0,11291.0,442.83,88.57,0.0,40,2023-00157-A-PHS-New-data-set.xlsx; 22-01271-Pfizer-2022-0426.xlsx,#3 Data; C2
FD7128,PFIZER\BIONTECH,5,1.0,0.0,11677.0,428.19,85.64,0.0,74,2023-00157-A-PHS-New-data-set.xlsx; 22-01271-Pfizer-2022-0426.xlsx,#3 Data; C2
EW1062,PFIZER\BIONTECH,13,1.0,0.0,11736.0,1107.7,85.21,0.0,44,2023-00157-A-PHS-New-data-set.xlsx; 22-01271-Pfizer-2022-0426.xlsx,#3 Data; C2
EL9269,PFIZER\BIONTECH,1980,675.0,206.0,8069015.0,245.38,83.65,25.53,1522,2023-00157-A-PHS-New-data-set.xlsx; 22-01271-Pfizer-2022-0426.xlsx; 22-01272-Pfizer-Shipped-2022-0426.xlsx; Amended-22-01962-Pfizer-2022-0426-pulled-2022-0823.xlsx,#3 Data; B2; C-Domestic; C2; Part2; Source File
GH9702,PFIZER\BIONTECH,1913,397.0,19.0,4752507.0,402.52,83.53,4.0,8365,2023-00157-A-PHS-New-data-set.xlsx,#3 Data; Part2
EN6201,PFIZER\BIONTECH,3885,1253.0,311.0,15043577.0,258.25,83.29,20.67,4143,2023-00157-A-PHS-New-data-set.xlsx; 22-01271-Pfizer-2022-0426.xlsx; 22-01272-Pfizer-Shipped-2022-0426.xlsx; Amended-22-01962-Pfizer-2022-0426-pulled-2022-0823.xlsx,#3 Data; B2; C-Domestic; C2; Part2; Source File
GH9693,PFIZER\BIONTECH,2333,416.0,31.0,5016505.0,465.06,82.93,6.18,8663,2023-00157-A-PHS-New-data-set.xlsx,#3 Data; Part2
EL0142,PFIZER\BIONTECH,2201,300.0,78.0,3639922.0,604.68,82.42,21.43,1557,2023-00157-A-PHS-New-data-set.xlsx; 22-01271-Pfizer-2022-0426.xlsx; 22-01272-Pfizer-Shipped-2022-0426.xlsx; Amended-22-01962-Pfizer-2022-0426-pulled-2022-0823.xlsx,#3 Data; B2; C-Domestic; C2; Part2; Source File
EWO164,PFIZER\BIONTECH,36,1.0,0.0,12155.0,2961.74,82.27,0.0,47,2023-00157-A-PHS-New-data-set.xlsx; 22-01271-Pfizer-2022-0426.xlsx,#3 Data; C2
FE3950,PFIZER\BIONTECH,8,1.0,0.0,12177.0,656.98,82.12,0.0,52,2023-00157-A-PHS-New-data-set.xlsx; 22-01271-Pfizer-2022-0426.xlsx,#3 Data; C2
EJ1686,PFIZER\BIONTECH,2126,268.0,90.0,3272709.0,649.61,81.89,27.5,1466,2023-00157-A-PHS-New-data-set.xlsx; 22-01271-Pfizer-2022-0426.xlsx; 22-01272-Pfizer-Shipped-2022-0426.xlsx; Amended-22-01962-Pfizer-2022-0426-pulled-2022-0823.xlsx,#3 Data; B2; C-Domestic; C2; Part2; Source File
EL3022,PFIZER\BIONTECH,4,1.0,0.0,12383.0,323.02,80.76,0.0,45,2023-00157-A-PHS-New-data-set.xlsx; 22-01271-Pfizer-2022-0426.xlsx,#3 Data; C2
FC3138,PFIZER\BIONTECH,6,1.0,1.0,12443.0,482.2,80.37,80.37,59,2023-00157-A-PHS-New-data-set.xlsx; 22-01271-Pfizer-2022-0426.xlsx,#3 Data; C2
EL3302,PFIZER\BIONTECH,1871,473.0,124.0,5897414.0,317.26,80.2,21.03,2385,2023-00157-A-PHS-New-data-set.xlsx; 22-01271-Pfizer-2022-0426.xlsx; 22-01272-Pfizer-Shipped-2022-0426.xlsx; Amended-22-01962-Pfizer-2022-0426-pulled-2022-0823.xlsx,#3 Data; B2; C-Domestic; C2; Part2; Source File
EN6200,PFIZER\BIONTECH,3395,1102.0,262.0,13890331.0,244.41,79.34,18.86,3473,2023-00157-A-PHS-New-data-set.xlsx; 22-01271-Pfizer-2022-0426.xlsx; 22-01272-Pfizer-Shipped-2022-0426.xlsx; Amended-22-01962-Pfizer-2022-0426-pulled-2022-0823.xlsx,#3 Data; B2; C-Domestic; C2; Part2; Source File
EN6202,PFIZER\BIONTECH,3316,1070.0,204.0,13619726.0,243.47,78.56,14.98,3305,2023-00157-A-PHS-New-data-set.xlsx; 22-01271-Pfizer-2022-0426.xlsx; 22-01272-Pfizer-Shipped-2022-0426.xlsx; Amended-22-01962-Pfizer-2022-0426-pulled-2022-0823.xlsx,#3 Data; B2; C-Domestic; C2; Part2; Source File
EL1283,PFIZER\BIONTECH,2985,537.0,89.0,6860631.0,435.09,78.27,12.97,1468,2023-00157-A-PHS-New-data-set.xlsx; 22-01271-Pfizer-2022-0426.xlsx; 22-01272-Pfizer-Shipped-2022-0426.xlsx; Amended-22-01962-Pfizer-2022-0426-pulled-2022-0823.xlsx,#3 Data; B2; C-Domestic; C2; Part2; Source File
EK9231,PFIZER\BIONTECH,4375,476.0,81.0,6198140.0,705.86,76.8,13.07,2248,2023-00157-A-PHS-New-data-set.xlsx; 22-01271-Pfizer-2022-0426.xlsx; 22-01272-Pfizer-Shipped-2022-0426.xlsx; Amended-22-01962-Pfizer-2022-0426-pulled-2022-0823.xlsx,#3 Data; B2; C-Domestic; C2; Part2; Source File
PAA173697,PFIZER\BIONTECH,6,1.0,0.0,13112.0,457.6,76.27,0.0,44,2023-00157-A-PHS-New-data-set.xlsx; 22-01271-Pfizer-2022-0426.xlsx,#3 Data; C2
EJ1685,PFIZER\BIONTECH,2946,307.0,62.0,4112894.0,716.28,74.64,15.07,1827,2023-00157-A-PHS-New-data-set.xlsx; 22-01271-Pfizer-2022-0426.xlsx; 22-01272-Pfizer-Shipped-2022-0426.xlsx; Amended-22-01962-Pfizer-2022-0426-pulled-2022-0823.xlsx,#3 Data; B2; C-Domestic; C2; Part2; Source File
301258A,PFIZER\BIONTECH,72,12.0,1.0,161689.0,445.3,74.22,6.18,86,2023-00157-A-PHS-New-data-set.xlsx; 22-01271-Pfizer-2022-0426.xlsx,#3 Data; C2
EL1284,PFIZER\BIONTECH,2994,414.0,98.0,5739185.0,521.68,72.14,17.08,2082,2023-00157-A-PHS-New-data-set.xlsx; 22-01271-Pfizer-2022-0426.xlsx; 22-01272-Pfizer-Shipped-2022-0426.xlsx; Amended-22-01962-Pfizer-2022-0426-pulled-2022-0823.xlsx,#3 Data; B2; C-Domestic; C2; Part2; Source File
EK5730,PFIZER\BIONTECH,4333,369.0,29.0,5124381.0,845.57,72.01,5.66,1748,2023-00157-A-PHS-New-data-set.xlsx; 22-01271-Pfizer-2022-0426.xlsx; 22-01272-Pfizer-Shipped-2022-0426.xlsx; Amended-22-01962-Pfizer-2022-0426-pulled-2022-0823.xlsx,#3 Data; B2; C-Domestic; C2; Part2; Source File
330258D,PFIZER\BIONTECH,162,51.0,3.0,715738.0,226.34,71.26,4.19,166,2023-00157-A-PHS-New-data-set.xlsx; 22-01271-Pfizer-2022-0426.xlsx,#3 Data; C2
301458A,PFIZER\BIONTECH,701,75.0,8.0,1067197.0,656.86,70.28,7.5,182,2023-00157-A-PHS-New-data-set.xlsx; 22-01271-Pfizer-2022-0426.xlsx,#3 Data; C2
EW0127,PFIZER\BIONTECH,17,3.0,0.0,43431.0,391.43,69.08,0.0,57,2023-00157-A-PHS-New-data-set.xlsx; 22-01271-Pfizer-2022-0426.xlsx,#3 Data; C2
EN5318,PFIZER\BIONTECH,3615,964.0,274.0,14089448.0,256.57,68.42,19.45,4294,2023-00157-A-PHS-New-data-set.xlsx; 22-01271-Pfizer-2022-0426.xlsx; 22-01272-Pfizer-Shipped-2022-0426.xlsx; Amended-22-01962-Pfizer-2022-0426-pulled-2022-0823.xlsx,#3 Data; B2; C-Domestic; C2; Part2; Source File
330268D,PFIZER\BIONTECH,403,40.0,3.0,588458.0,684.84,67.97,5.1,134,2023-00157-A-PHS-New-data-set.xlsx; 22-01271-Pfizer-2022-0426.xlsx,#3 Data; C2
EN6198,PFIZER\BIONTECH,3260,951.0,245.0,14075594.0,231.61,67.56,17.41,3776,2023-00157-A-PHS-New-data-set.xlsx; 22-01271-Pfizer-2022-0426.xlsx; 22-01272-Pfizer-Shipped-2022-0426.xlsx; Amended-22-01962-Pfizer-2022-0426-pulled-2022-0823.xlsx,#3 Data; B2; C-Domestic; C2; Part2; Source File
320308D,PFIZER\BIONTECH,561,117.0,7.0,1771628.0,316.66,66.04,3.95,216,2023-00157-A-PHS-New-data-set.xlsx; 22-01271-Pfizer-2022-0426.xlsx,#3 Data; C2
EH9899,PFIZER\BIONTECH,4004,327.0,44.0,4979975.0,804.02,65.66,8.84,1173,2023-00157-A-PHS-New-data-set.xlsx; 22-01271-Pfizer-2022-0426.xlsx; 22-01272-Pfizer-Shipped-2022-0426.xlsx; Amended-22-01962-Pfizer-2022-0426-pulled-2022-0823.xlsx,#3 Data; B2; C-Domestic; C2; Part2; Source File
EL9266,PFIZER\BIONTECH,1578,443.0,117.0,6834293.0,230.89,64.82,17.12,1886,2023-00157-A-PHS-New-data-set.xlsx; 22-01271-Pfizer-2022-0426.xlsx; 22-01272-Pfizer-Shipped-2022-0426.xlsx; Amended-22-01962-Pfizer-2022-0426-pulled-2022-0823.xlsx,#3 Data; B2; C-Domestic; C2; Part2; Source File
EL3247,PFIZER\BIONTECH,3282,403.0,78.0,6393261.0,513.35,63.04,12.2,2133,2023-00157-A-PHS-New-data-set.xlsx; 22-01271-Pfizer-2022-0426.xlsx; 22-01272-Pfizer-Shipped-2022-0426.xlsx; Amended-22-01962-Pfizer-2022-0426-pulled-2022-0823.xlsx,#3 Data; B2; C-Domestic; C2; Part2; Source File
EL8982,PFIZER\BIONTECH,2435,445.0,109.0,7139895.0,341.04,62.33,15.27,2762,2023-00157-A-PHS-New-data-set.xlsx; 22-01271-Pfizer-2022-0426.xlsx; 22-01272-Pfizer-Shipped-2022-0426.xlsx; Amended-22-01962-Pfizer-2022-0426-pulled-2022-0823.xlsx,#3 Data; B2; C-Domestic; C2; Part2; Source File
EL9264,PFIZER\BIONTECH,1969,449.0,107.0,7380921.0,266.77,60.83,14.5,2220,2023-00157-A-PHS-New-data-set.xlsx; 22-01271-Pfizer-2022-0426.xlsx; 22-01272-Pfizer-Shipped-2022-0426.xlsx; Amended-22-01962-Pfizer-2022-0426-pulled-2022-0823.xlsx,#3 Data; B2; C-Domestic; C2; Part2; Source File
ER2613,PFIZER\BIONTECH,4171,926.0,112.0,15392071.0,270.98,60.16,7.28,2684,2023-00157-A-PHS-New-data-set.xlsx; 22-01271-Pfizer-2022-0426.xlsx; 22-01272-Pfizer-Shipped-2022-0426.xlsx; Amended-22-01962-Pfizer-2022-0426-pulled-2022-0823.xlsx,#3 Data; B2; C-Domestic; C2; Part2; Source File
GJ6739,PFIZER\BIONTECH,1048,87.0,6.0,1454212.0,720.67,59.83,4.13,3666,2023-00157-A-PHS-New-data-set.xlsx,#3 Data; Part2
EW0189,PFIZER\BIONTECH,21,1.0,0.0,16842.0,1246.88,59.38,0.0,62,2023-00157-A-PHS-New-data-set.xlsx; 22-01271-Pfizer-2022-0426.xlsx,#3 Data; C2
EN6207,PFIZER\BIONTECH,3518,1054.0,171.0,17895081.0,196.59,58.9,9.56,4067,2023-00157-A-PHS-New-data-set.xlsx; 22-01271-Pfizer-2022-0426.xlsx; 22-01272-Pfizer-Shipped-2022-0426.xlsx; Amended-22-01962-Pfizer-2022-0426-pulled-2022-0823.xlsx,#3 Data; B2; C-Domestic; C2; Part2; Source File
EL9263,PFIZER\BIONTECH,911,206.0,34.0,3498292.0,260.41,58.89,9.72,813,2023-00157-A-PHS-New-data-set.xlsx; 22-01271-Pfizer-2022-0426.xlsx; 22-01272-Pfizer-Shipped-2022-0426.xlsx; Amended-22-01962-Pfizer-2022-0426-pulled-2022-0823.xlsx,#3 Data; B2; C-Domestic; C2; Part2; Source File
FL4211,PFIZER\BIONTECH,18,4.0,0.0,68479.0,262.85,58.41,0.0,552,2023-00157-A-PHS-New-data-set.xlsx; 22-01271-Pfizer-2022-0426.xlsx; 22-01272-Pfizer-Shipped-2022-0426.xlsx; Amended-22-01962-Pfizer-2022-0426-pulled-2022-0823.xlsx,#3 Data; B2; C-Domestic; C2; Part2; Source File
EL3246,PFIZER\BIONTECH,2549,335.0,66.0,5747557.0,443.49,58.29,11.48,2000,2023-00157-A-PHS-New-data-set.xlsx; 22-01271-Pfizer-2022-0426.xlsx; 22-01272-Pfizer-Shipped-2022-0426.xlsx; Amended-22-01962-Pfizer-2022-0426-pulled-2022-0823.xlsx,#3 Data; B2; C-Domestic; C2; Part2; Source File
EL9262,PFIZER\BIONTECH,2464,433.0,64.0,7561130.0,325.88,57.27,8.46,1392,2023-00157-A-PHS-New-data-set.xlsx; 22-01271-Pfizer-2022-0426.xlsx; 22-01272-Pfizer-Shipped-2022-0426.xlsx; Amended-22-01962-Pfizer-2022-0426-pulled-2022-0823.xlsx,#3 Data; B2; C-Domestic; C2; Part2; Source File
EN6203,PFIZER\BIONTECH,2858,702.0,126.0,12633552.0,226.22,55.57,9.97,3707,2023-00157-A-PHS-New-data-set.xlsx; 22-01271-Pfizer-2022-0426.xlsx; 22-01272-Pfizer-Shipped-2022-0426.xlsx; Amended-22-01962-Pfizer-2022-0426-pulled-2022-0823.xlsx,#3 Data; B2; C-Domestic; C2; Part2; Source File
330308D,PFIZER\BIONTECH,442,90.0,7.0,1668946.0,264.84,53.93,4.19,194,2023-00157-A-PHS-New-data-set.xlsx; 22-01271-Pfizer-2022-0426.xlsx,#3 Data; C2
GJ5342,PFIZER\BIONTECH,1204,260.0,20.0,4821267.0,249.73,53.93,4.15,7661,2023-00157-A-PHS-New-data-set.xlsx,#3 Data; Part2
FA8448,PFIZER\BIONTECH,5,1.0,0.0,18633.0,268.34,53.67,0.0,50,2023-00157-A-PHS-New-data-set.xlsx; 22-01271-Pfizer-2022-0426.xlsx,#3 Data; C2
EN6204,PFIZER\BIONTECH,2863,722.0,133.0,13490054.0,212.23,53.52,9.86,5054,2023-00157-A-PHS-New-data-set.xlsx; 22-01271-Pfizer-2022-0426.xlsx; 22-01272-Pfizer-Shipped-2022-0426.xlsx; Amended-22-01962-Pfizer-2022-0426-pulled-2022-0823.xlsx,#3 Data; B2; C-Domestic; C2; Part2; Source File
EN6199,PFIZER\BIONTECH,2862,765.0,138.0,14397579.0,198.78,53.13,9.58,3414,2023-00157-A-PHS-New-data-set.xlsx; 22-01271-Pfizer-2022-0426.xlsx; 22-01272-Pfizer-Shipped-2022-0426.xlsx; Amended-22-01962-Pfizer-2022-0426-pulled-2022-0823.xlsx,#3 Data; B2; C-Domestic; C2; Part2; Source File
FC3592,PFIZER\BIONTECH,14,1.0,0.0,18915.0,740.15,52.87,0.0,52,2023-00157-A-PHS-New-data-set.xlsx; 22-01271-Pfizer-2022-0426.xlsx,#3 Data; C2
EM9809,PFIZER\BIONTECH,1530,350.0,55.0,6719977.0,227.68,52.08,8.18,1756,2023-00157-A-PHS-New-data-set.xlsx; 22-01271-Pfizer-2022-0426.xlsx; 22-01272-Pfizer-Shipped-2022-0426.xlsx; Amended-22-01962-Pfizer-2022-0426-pulled-2022-0823.xlsx,#3 Data; B2; C-Domestic; C2; Part2; Source File
FL007,PFIZER\BIONTECH,72,4.0,1.0,76894.0,936.35,52.02,13.0,159,2023-00157-A-PHS-New-data-set.xlsx; 22-01271-Pfizer-2022-0426.xlsx,#3 Data; C2
301308,PFIZER\BIONTECH,7,1.0,0.0,19492.0,359.12,51.3,0.0,103,2023-00157-A-PHS-New-data-set.xlsx; 22-01271-Pfizer-2022-0426.xlsx,#3 Data; C2
GJ6665,PFIZER\BIONTECH,1533,146.0,17.0,2861873.0,535.66,51.02,5.94,6301,2023-00157-A-PHS-New-data-set.xlsx,#3 Data; Part2
EN6205,PFIZER\BIONTECH,3567,914.0,154.0,18010207.0,198.05,50.75,8.55,3355,2023-00157-A-PHS-New-data-set.xlsx; 22-01271-Pfizer-2022-0426.xlsx; 22-01272-Pfizer-Shipped-2022-0426.xlsx; Amended-22-01962-Pfizer-2022-0426-pulled-2022-0823.xlsx,#3 Data; B2; C-Domestic; C2; Part2; Source File
FD0810,PFIZER\BIONTECH,910,116.0,8.0,2293529.0,396.77,50.58,3.49,2551,2023-00157-A-PHS-New-data-set.xlsx; 22-01271-Pfizer-2022-0426.xlsx; 22-01272-Pfizer-Shipped-2022-0426.xlsx; Amended-22-01962-Pfizer-2022-0426-pulled-2022-0823.xlsx,#3 Data; B2; C-Domestic; C2; Part2; Source File
FF8020,PFIZER\BIONTECH,4,1.0,0.0,19978.0,200.22,50.06,0.0,54,2023-00157-A-PHS-New-data-set.xlsx; 22-01271-Pfizer-2022-0426.xlsx,#3 Data; C2
FEP7533,PFIZER\BIONTECH,7,1.0,0.0,20013.0,349.77,49.97,0.0,10,2023-00157-A-PHS-New-data-set.xlsx; 22-01271-Pfizer-2022-0426.xlsx,#3 Data; C2
330368D,PFIZER\BIONTECH,304,32.0,2.0,644810.0,471.46,49.63,3.1,202,2023-00157-A-PHS-New-data-set.xlsx; 22-01271-Pfizer-2022-0426.xlsx,#3 Data; C2
ER7533,PFIZER\BIONTECH,26,1.0,1.0,20410.0,1273.89,49.0,49.0,50,2023-00157-A-PHS-New-data-set.xlsx; 22-01271-Pfizer-2022-0426.xlsx,#3 Data; C2
ER8732,PFIZER\BIONTECH,3501,843.0,100.0,17640635.0,198.46,47.79,5.67,3410,2023-00157-A-PHS-New-data-set.xlsx; 22-01271-Pfizer-2022-0426.xlsx; 22-01272-Pfizer-Shipped-2022-0426.xlsx; Amended-22-01962-Pfizer-2022-0426-pulled-2022-0823.xlsx,#3 Data; B2; C-Domestic; C2; Part2; Source File
FK5168,PFIZER\BIONTECH,13,1.0,0.0,20967.0,620.02,47.69,0.0,87,2023-00157-A-PHS-New-data-set.xlsx; 22-01271-Pfizer-2022-0426.xlsx,#3 Data; C2
FC2588,PFIZER\BIONTECH,10,1.0,0.0,21602.0,462.92,46.29,0.0,50,2023-00157-A-PHS-New-data-set.xlsx; 22-01271-Pfizer-2022-0426.xlsx,#3 Data; C2
331308A,PFIZER\BIONTECH,349,73.0,7.0,1595443.0,218.75,45.76,4.39,216,2023-00157-A-PHS-New-data-set.xlsx; 22-01271-Pfizer-2022-0426.xlsx,#3 Data; C2
FD4884,PFIZER\BIONTECH,8,1.0,0.0,21879.0,365.65,45.71,0.0,52,2023-00157-A-PHS-New-data-set.xlsx; 22-01271-Pfizer-2022-0426.xlsx,#3 Data; C2
EN6208,PFIZER\BIONTECH,3364,802.0,132.0,17579466.0,191.36,45.62,7.51,3775,2023-00157-A-PHS-New-data-set.xlsx; 22-01271-Pfizer-2022-0426.xlsx; 22-01272-Pfizer-Shipped-2022-0426.xlsx; Amended-22-01962-Pfizer-2022-0426-pulled-2022-0823.xlsx,#3 Data; B2; C-Domestic; C2; Part2; Source File
EN6206,PFIZER\BIONTECH,2955,728.0,84.0,16035725.0,184.28,45.4,5.24,3529,2023-00157-A-PHS-New-data-set.xlsx; 22-01271-Pfizer-2022-0426.xlsx; 22-01272-Pfizer-Shipped-2022-0426.xlsx; Amended-22-01962-Pfizer-2022-0426-pulled-2022-0823.xlsx,#3 Data; B2; C-Domestic; C2; Part2; Source File
EW0150,PFIZER\BIONTECH,3184,857.0,73.0,19220566.0,165.66,44.59,3.8,3492,2023-00157-A-PHS-New-data-set.xlsx; 22-01271-Pfizer-2022-0426.xlsx; 22-01272-Pfizer-Shipped-2022-0426.xlsx; Amended-22-01962-Pfizer-2022-0426-pulled-2022-0823.xlsx,#3 Data; B2; C-Domestic; C2; Part2; Source File
ER8727,PFIZER\BIONTECH,3019,690.0,122.0,16033160.0,188.3,43.04,7.61,4059,2023-00157-A-PHS-New-data-set.xlsx; 22-01271-Pfizer-2022-0426.xlsx; 22-01272-Pfizer-Shipped-2022-0426.xlsx; Amended-22-01962-Pfizer-2022-0426-pulled-2022-0823.xlsx,#3 Data; B2; C-Domestic; C2; Part2; Source File
EW0172,PFIZER\BIONTECH,2722,684.0,53.0,16828400.0,161.75,40.65,3.15,4603,2023-00157-A-PHS-New-data-set.xlsx; 22-01271-Pfizer-2022-0426.xlsx; 22-01272-Pfizer-Shipped-2022-0426.xlsx; Amended-22-01962-Pfizer-2022-0426-pulled-2022-0823.xlsx,#3 Data; B2; C-Domestic; C2; Part2; Source File
EP6955,PFIZER\BIONTECH,3222,658.0,103.0,16200050.0,198.89,40.62,6.36,5053,2023-00157-A-PHS-New-data-set.xlsx; 22-01271-Pfizer-2022-0426.xlsx; 22-01272-Pfizer-Shipped-2022-0426.xlsx; Amended-22-01962-Pfizer-2022-0426-pulled-2022-0823.xlsx,#3 Data; B2; C-Domestic; C2; Part2; Source File
EP7534,PFIZER\BIONTECH,2754,638.0,91.0,15838558.0,173.88,40.28,5.75,4258,2023-00157-A-PHS-New-data-set.xlsx; 22-01271-Pfizer-2022-0426.xlsx; 22-01272-Pfizer-Shipped-2022-0426.xlsx; Amended-22-01962-Pfizer-2022-0426-pulled-2022-0823.xlsx,#3 Data; B2; C-Domestic; C2; Part2; Source File
GH9697,PFIZER\BIONTECH,400,82.0,3.0,2073667.0,192.9,39.54,1.45,3933,2023-00157-A-PHS-New-data-set.xlsx,#3 Data; Part2
ER8737,PFIZER\BIONTECH,2678,609.0,124.0,15641419.0,171.21,38.94,7.93,3929,2023-00157-A-PHS-New-data-set.xlsx; 22-01271-Pfizer-2022-0426.xlsx; 22-01272-Pfizer-Shipped-2022-0426.xlsx; Amended-22-01962-Pfizer-2022-0426-pulled-2022-0823.xlsx,#3 Data; B2; C-Domestic; C2; Part2; Source File
3230BD,PFIZER\BIONTECH,10,1.0,0.0,25905.0,386.03,38.6,0.0,57,2023-00157-A-PHS-New-data-set.xlsx; 22-01271-Pfizer-2022-0426.xlsx,#3 Data; C2
GH9703,PFIZER\BIONTECH,1081,186.0,20.0,4843107.0,223.2,38.41,4.13,8937,2023-00157-A-PHS-New-data-set.xlsx,#3 Data; Part2
EP7533,PFIZER\BIONTECH,2555,558.0,84.0,14572152.0,175.33,38.29,5.76,5428,2023-00157-A-PHS-New-data-set.xlsx; 22-01271-Pfizer-2022-0426.xlsx; 22-01272-Pfizer-Shipped-2022-0426.xlsx; Amended-22-01962-Pfizer-2022-0426-pulled-2022-0823.xlsx,#3 Data; B2; C-Domestic; C2; Part2; Source File
ER8733,PFIZER\BIONTECH,3356,675.0,79.0,17887434.0,187.62,37.74,4.42,3677,2023-00157-A-PHS-New-data-set.xlsx; 22-01271-Pfizer-2022-0426.xlsx; 22-01272-Pfizer-Shipped-2022-0426.xlsx; Amended-22-01962-Pfizer-2022-0426-pulled-2022-0823.xlsx,#3 Data; B2; C-Domestic; C2; Part2; Source File
EW0183H,PFIZER\BIONTECH,18,1.0,0.0,27124.0,663.62,36.87,0.0,13,2023-00157-A-PHS-New-data-set.xlsx; 22-01271-Pfizer-2022-0426.xlsx,#3 Data; C2
FE2590,PFIZER\BIONTECH,19,1.0,1.0,27380.0,693.94,36.52,36.52,66,2023-00157-A-PHS-New-data-set.xlsx; 22-01271-Pfizer-2022-0426.xlsx,#3 Data; C2
EW0158,PFIZER\BIONTECH,2349,542.0,51.0,15066925.0,155.9,35.97,3.38,2927,2023-00157-A-PHS-New-data-set.xlsx; 22-01271-Pfizer-2022-0426.xlsx; 22-01272-Pfizer-Shipped-2022-0426.xlsx; Amended-22-01962-Pfizer-2022-0426-pulled-2022-0823.xlsx,#3 Data; B2; C-Domestic; C2; Part2; Source File
EW0169,PFIZER\BIONTECH,2188,495.0,69.0,14452540.0,151.39,34.25,4.77,2128,2023-00157-A-PHS-New-data-set.xlsx; 22-01271-Pfizer-2022-0426.xlsx; 22-01272-Pfizer-Shipped-2022-0426.xlsx; Amended-22-01962-Pfizer-2022-0426-pulled-2022-0823.xlsx,#3 Data; B2; C-Domestic; C2; Part2; Source File
GJ2524,PFIZER\BIONTECH,1753,187.0,11.0,5534983.0,316.71,33.79,1.99,7736,2023-00157-A-PHS-New-data-set.xlsx,#3 Data; Part2
EW0162,PFIZER\BIONTECH,2387,550.0,45.0,16311273.0,146.34,33.72,2.76,3671,2023-00157-A-PHS-New-data-set.xlsx; 22-01271-Pfizer-2022-0426.xlsx; 22-01272-Pfizer-Shipped-2022-0426.xlsx; Amended-22-01962-Pfizer-2022-0426-pulled-2022-0823.xlsx,#3 Data; B2; C-Domestic; C2; Part2; Source File
EW0153,PFIZER\BIONTECH,2419,476.0,52.0,14374517.0,168.28,33.11,3.62,5370,2023-00157-A-PHS-New-data-set.xlsx; 22-01271-Pfizer-2022-0426.xlsx; 22-01272-Pfizer-Shipped-2022-0426.xlsx; Amended-22-01962-Pfizer-2022-0426-pulled-2022-0823.xlsx,#3 Data; B2; C-Domestic; C2; Part2; Source File
ER8730,PFIZER\BIONTECH,2646,501.0,76.0,15275856.0,173.21,32.8,4.98,3787,2023-00157-A-PHS-New-data-set.xlsx; 22-01271-Pfizer-2022-0426.xlsx; 22-01272-Pfizer-Shipped-2022-0426.xlsx; Amended-22-01962-Pfizer-2022-0426-pulled-2022-0823.xlsx,#3 Data; B2; C-Domestic; C2; Part2; Source File
GH9694,PFIZER\BIONTECH,1947,191.0,21.0,5843837.0,333.17,32.68,3.59,8245,2023-00157-A-PHS-New-data-set.xlsx,#3 Data; Part2
EW0164,PFIZER\BIONTECH,2356,471.0,30.0,14477680.0,162.73,32.53,2.07,2935,2023-00157-A-PHS-New-data-set.xlsx; 22-01271-Pfizer-2022-0426.xlsx; 22-01272-Pfizer-Shipped-2022-0426.xlsx; Amended-22-01962-Pfizer-2022-0426-pulled-2022-0823.xlsx,#3 Data; B2; C-Domestic; C2; Part2; Source File
ER8734,PFIZER\BIONTECH,2583,489.0,77.0,15560380.0,166.0,31.43,4.95,4304,2023-00157-A-PHS-New-data-set.xlsx; 22-01271-Pfizer-2022-0426.xlsx; 22-01272-Pfizer-Shipped-2022-0426.xlsx; Amended-22-01962-Pfizer-2022-0426-pulled-2022-0823.xlsx,#3 Data; B2; C-Domestic; C2; Part2; Source File
EW1076,PFIZER\BIONTECH,13,1.0,0.0,32568.0,399.16,30.7,0.0,46,2023-00157-A-PHS-New-data-set.xlsx; 22-01271-Pfizer-2022-0426.xlsx,#3 Data; C2
ER8735,PFIZER\BIONTECH,2394,430.0,59.0,14478608.0,165.35,29.7,4.07,5514,2023-00157-A-PHS-New-data-set.xlsx; 22-01271-Pfizer-2022-0426.xlsx; 22-01272-Pfizer-Shipped-2022-0426.xlsx; Amended-22-01962-Pfizer-2022-0426-pulled-2022-0823.xlsx,#3 Data; B2; C-Domestic; C2; Part2; Source File
FN2908,PFIZER\BIONTECH,614,110.0,15.0,3704279.0,165.75,29.7,4.05,6862,2023-00157-A-PHS-New-data-set.xlsx; 22-01271-Pfizer-2022-0426.xlsx,#3 Data; C2; Part2
EW0151,PFIZER\BIONTECH,2789,423.0,61.0,14507710.0,192.24,29.16,4.2,4068,2023-00157-A-PHS-New-data-set.xlsx; 22-01271-Pfizer-2022-0426.xlsx; 22-01272-Pfizer-Shipped-2022-0426.xlsx; Amended-22-01962-Pfizer-2022-0426-pulled-2022-0823.xlsx,#3 Data; B2; C-Domestic; C2; Part2; Source File
ER8731,PFIZER\BIONTECH,2192,452.0,59.0,15539410.0,141.06,29.09,3.8,3637,2023-00157-A-PHS-New-data-set.xlsx; 22-01271-Pfizer-2022-0426.xlsx; 22-01272-Pfizer-Shipped-2022-0426.xlsx; Amended-22-01962-Pfizer-2022-0426-pulled-2022-0823.xlsx,#3 Data; B2; C-Domestic; C2; Part2; Source File
EW0179,PFIZER\BIONTECH,2369,571.0,32.0,19768254.0,119.84,28.88,1.62,4178,2023-00157-A-PHS-New-data-set.xlsx; 22-01271-Pfizer-2022-0426.xlsx; 22-01272-Pfizer-Shipped-2022-0426.xlsx; Amended-22-01962-Pfizer-2022-0426-pulled-2022-0823.xlsx,#3 Data; B2; C-Domestic; C2; Part2; Source File
FC3183,PFIZER\BIONTECH,1856,386.0,43.0,13493610.0,137.55,28.61,3.19,13203,2023-00157-A-PHS-New-data-set.xlsx; 22-01271-Pfizer-2022-0426.xlsx; 22-01272-Pfizer-Shipped-2022-0426.xlsx; Amended-22-01962-Pfizer-2022-0426-pulled-2022-0823.xlsx,#3 Data; B2; C-Domestic; C2; Part2; Source File
FF2593,PFIZER\BIONTECH,1537,416.0,48.0,14620193.0,105.13,28.45,3.28,7059,2023-00157-A-PHS-New-data-set.xlsx; 22-01271-Pfizer-2022-0426.xlsx; 22-01272-Pfizer-Shipped-2022-0426.xlsx; Amended-22-01962-Pfizer-2022-0426-pulled-2022-0823.xlsx,#3 Data; B2; C-Domestic; C2; Part2; Source File
ER8729,PFIZER\BIONTECH,2854,467.0,49.0,17019892.0,167.69,27.44,2.88,3773,2023-00157-A-PHS-New-data-set.xlsx; 22-01271-Pfizer-2022-0426.xlsx; 22-01272-Pfizer-Shipped-2022-0426.xlsx; Amended-22-01962-Pfizer-2022-0426-pulled-2022-0823.xlsx,#3 Data; B2; C-Domestic; C2; Part2; Source File
ER8736,PFIZER\BIONTECH,2102,422.0,39.0,15393209.0,136.55,27.41,2.53,4316,2023-00157-A-PHS-New-data-set.xlsx; 22-01271-Pfizer-2022-0426.xlsx; 22-01272-Pfizer-Shipped-2022-0426.xlsx; Amended-22-01962-Pfizer-2022-0426-pulled-2022-0823.xlsx,#3 Data; B2; C-Domestic; C2; Part2; Source File
FM7553,PFIZER\BIONTECH,1000,179.0,15.0,6616646.0,151.13,27.05,2.27,12055,2023-00157-A-PHS-New-data-set.xlsx; 22-01271-Pfizer-2022-0426.xlsx; 22-01272-Pfizer-Shipped-2022-0426.xlsx; Amended-22-01962-Pfizer-2022-0426-pulled-2022-0823.xlsx,#3 Data; B2; C-Domestic; C2; Part2; Source File
FP7135,PFIZER\BIONTECH,507,103.0,19.0,3882236.0,130.59,26.53,4.89,8002,2023-00157-A-PHS-New-data-set.xlsx; 22-01271-Pfizer-2022-0426.xlsx,#3 Data; C2; Part2
FE3592,PFIZER\BIONTECH,1537,343.0,35.0,13133827.0,117.03,26.12,2.66,5332,2023-00157-A-PHS-New-data-set.xlsx; 22-01271-Pfizer-2022-0426.xlsx; 22-01272-Pfizer-Shipped-2022-0426.xlsx; Amended-22-01962-Pfizer-2022-0426-pulled-2022-0823.xlsx,#3 Data; B2; C-Domestic; C2; Part2; Source File
FF2587,PFIZER\BIONTECH,1652,327.0,27.0,12607908.0,131.03,25.94,2.14,4865,2023-00157-A-PHS-New-data-set.xlsx; 22-01271-Pfizer-2022-0426.xlsx; 22-01272-Pfizer-Shipped-2022-0426.xlsx; Amended-22-01962-Pfizer-2022-0426-pulled-2022-0823.xlsx,#3 Data; B2; C-Domestic; C2; Part2; Source File
EW0186,PFIZER\BIONTECH,1793,388.0,32.0,15160993.0,118.26,25.59,2.11,4068,2023-00157-A-PHS-New-data-set.xlsx; 22-01271-Pfizer-2022-0426.xlsx; 22-01272-Pfizer-Shipped-2022-0426.xlsx; Amended-22-01962-Pfizer-2022-0426-pulled-2022-0823.xlsx,#3 Data; B2; C-Domestic; C2; Part2; Source File
FF2590,PFIZER\BIONTECH,1726,359.0,26.0,14127928.0,122.17,25.41,1.84,7576,2023-00157-A-PHS-New-data-set.xlsx; 22-01271-Pfizer-2022-0426.xlsx; 22-01272-Pfizer-Shipped-2022-0426.xlsx; Amended-22-01962-Pfizer-2022-0426-pulled-2022-0823.xlsx,#3 Data; B2; C-Domestic; C2; Part2; Source File
FC3181,PFIZER\BIONTECH,1598,337.0,23.0,13661811.0,116.97,24.67,1.68,9617,2023-00157-A-PHS-New-data-set.xlsx; 22-01271-Pfizer-2022-0426.xlsx; 22-01272-Pfizer-Shipped-2022-0426.xlsx; Amended-22-01962-Pfizer-2022-0426-pulled-2022-0823.xlsx,#3 Data; B2; C-Domestic; C2; Part2; Source File
FE3590,PFIZER\BIONTECH,1703,354.0,44.0,14407306.0,118.2,24.57,3.05,5884,2023-00157-A-PHS-New-data-set.xlsx; 22-01271-Pfizer-2022-0426.xlsx; 22-01272-Pfizer-Shipped-2022-0426.xlsx; Amended-22-01962-Pfizer-2022-0426-pulled-2022-0823.xlsx,#3 Data; B2; C-Domestic; C2; Part2; Source File
EW0183,PFIZER\BIONTECH,1742,383.0,11.0,15594676.0,111.7,24.56,0.71,2695,2023-00157-A-PHS-New-data-set.xlsx; 22-01271-Pfizer-2022-0426.xlsx; 22-01272-Pfizer-Shipped-2022-0426.xlsx; Amended-22-01962-Pfizer-2022-0426-pulled-2022-0823.xlsx,#3 Data; B2; C-Domestic; C2; Part2; Source File
FC3184,PFIZER\BIONTECH,1986,334.0,45.0,13611447.0,145.91,24.54,3.31,13165,2023-00157-A-PHS-New-data-set.xlsx; 22-01271-Pfizer-2022-0426.xlsx; 22-01272-Pfizer-Shipped-2022-0426.xlsx; Amended-22-01962-Pfizer-2022-0426-pulled-2022-0823.xlsx,#3 Data; B2; C-Domestic; C2; Part2; Source File
EW0171,PFIZER\BIONTECH,2240,446.0,79.0,18546111.0,120.78,24.05,4.26,4276,2023-00157-A-PHS-New-data-set.xlsx; 22-01271-Pfizer-2022-0426.xlsx; 22-01272-Pfizer-Shipped-2022-0426.xlsx; Amended-22-01962-Pfizer-2022-0426-pulled-2022-0823.xlsx,#3 Data; B2; C-Domestic; C2; Part2; Source File
EW0168,PFIZER\BIONTECH,1583,337.0,32.0,14257435.0,111.03,23.64,2.24,4075,2023-00157-A-PHS-New-data-set.xlsx; 22-01271-Pfizer-2022-0426.xlsx; 22-01272-Pfizer-Shipped-2022-0426.xlsx; Amended-22-01962-Pfizer-2022-0426-pulled-2022-0823.xlsx,#3 Data; B2; C-Domestic; C2; Part2; Source File
FF8841,PFIZER\BIONTECH,2006,308.0,40.0,13157275.0,152.46,23.41,3.04,5542,2023-00157-A-PHS-New-data-set.xlsx; 22-01271-Pfizer-2022-0426.xlsx; 22-01272-Pfizer-Shipped-2022-0426.xlsx; Amended-22-01962-Pfizer-2022-0426-pulled-2022-0823.xlsx,#3 Data; B2; C-Domestic; C2; Part2; Source File
EW0167,PFIZER\BIONTECH,2074,343.0,32.0,14751992.0,140.59,23.25,2.17,4224,2023-00157-A-PHS-New-data-set.xlsx; 22-01271-Pfizer-2022-0426.xlsx; 22-01272-Pfizer-Shipped-2022-0426.xlsx; Amended-22-01962-Pfizer-2022-0426-pulled-2022-0823.xlsx,#3 Data; B2; C-Domestic; C2; Part2; Source File
FG3527,PFIZER\BIONTECH,1427,326.0,38.0,14248081.0,100.15,22.88,2.67,6154,2023-00157-A-PHS-New-data-set.xlsx; 22-01271-Pfizer-2022-0426.xlsx; 22-01272-Pfizer-Shipped-2022-0426.xlsx; Amended-22-01962-Pfizer-2022-0426-pulled-2022-0823.xlsx,#3 Data; B2; C-Domestic; C2; Part2; Source File
FC3180,PFIZER\BIONTECH,1620,302.0,26.0,13234261.0,122.41,22.82,1.96,9390,2023-00157-A-PHS-New-data-set.xlsx; 22-01271-Pfizer-2022-0426.xlsx; 22-01272-Pfizer-Shipped-2022-0426.xlsx; Amended-22-01962-Pfizer-2022-0426-pulled-2022-0823.xlsx,#3 Data; B2; C-Domestic; C2; Part2; Source File
EW0175,PFIZER\BIONTECH,1760,311.0,34.0,13892118.0,126.69,22.39,2.45,3172,2023-00157-A-PHS-New-data-set.xlsx; 22-01271-Pfizer-2022-0426.xlsx; 22-01272-Pfizer-Shipped-2022-0426.xlsx; Amended-22-01962-Pfizer-2022-0426-pulled-2022-0823.xlsx,#3 Data; B2; C-Domestic; C2; Part2; Source File
EW0176,PFIZER\BIONTECH,1796,328.0,38.0,14794519.0,121.4,22.17,2.57,5077,2023-00157-A-PHS-New-data-set.xlsx; 22-01271-Pfizer-2022-0426.xlsx; 22-01272-Pfizer-Shipped-2022-0426.xlsx; Amended-22-01962-Pfizer-2022-0426-pulled-2022-0823.xlsx,#3 Data; B2; C-Domestic; C2; Part2; Source File
EW0165,PFIZER\BIONTECH,375,76.0,4.0,3434543.0,109.18,22.13,1.16,737,2023-00157-A-PHS-New-data-set.xlsx; 22-01271-Pfizer-2022-0426.xlsx; 22-01272-Pfizer-Shipped-2022-0426.xlsx; Amended-22-01962-Pfizer-2022-0426-pulled-2022-0823.xlsx,#3 Data; B2; C-Domestic; C2; Part2; Source File
EW0191,PFIZER\BIONTECH,1802,349.0,19.0,15917428.0,113.21,21.93,1.19,5009,2023-00157-A-PHS-New-data-set.xlsx; 22-01271-Pfizer-2022-0426.xlsx; 22-01272-Pfizer-Shipped-2022-0426.xlsx; Amended-22-01962-Pfizer-2022-0426-pulled-2022-0823.xlsx,#3 Data; B2; C-Domestic; C2; Part2; Source File
FC3182,PFIZER\BIONTECH,1455,305.0,46.0,14006913.0,103.88,21.77,3.28,8651,2023-00157-A-PHS-New-data-set.xlsx; 22-01271-Pfizer-2022-0426.xlsx; 22-01272-Pfizer-Shipped-2022-0426.xlsx; Amended-22-01962-Pfizer-2022-0426-pulled-2022-0823.xlsx,#3 Data; B2; C-Domestic; C2; Part2; Source File
EW0710,PFIZER\BIONTECH,10,1.0,0.0,46800.0,213.68,21.37,0.0,49,2023-00157-A-PHS-New-data-set.xlsx; 22-01271-Pfizer-2022-0426.xlsx,#3 Data; C2
EW0178,PFIZER\BIONTECH,1568,276.0,12.0,13139466.0,119.34,21.01,0.91,5276,2023-00157-A-PHS-New-data-set.xlsx; 22-01271-Pfizer-2022-0426.xlsx; 22-01272-Pfizer-Shipped-2022-0426.xlsx; Amended-22-01962-Pfizer-2022-0426-pulled-2022-0823.xlsx,#3 Data; B2; C-Domestic; C2; Part2; Source File
FF8839,PFIZER\BIONTECH,1474,250.0,39.0,12146408.0,121.35,20.58,3.21,5078,2023-00157-A-PHS-New-data-set.xlsx; 22-01271-Pfizer-2022-0426.xlsx; 22-01272-Pfizer-Shipped-2022-0426.xlsx; Amended-22-01962-Pfizer-2022-0426-pulled-2022-0823.xlsx,#3 Data; B2; C-Domestic; C2; Part2; Source File
FF2588,PFIZER\BIONTECH,1331,263.0,30.0,12813540.0,103.87,20.53,2.34,3327,2023-00157-A-PHS-New-data-set.xlsx; 22-01271-Pfizer-2022-0426.xlsx; 22-01272-Pfizer-Shipped-2022-0426.xlsx; Amended-22-01962-Pfizer-2022-0426-pulled-2022-0823.xlsx,#3 Data; B2; C-Domestic; C2; Part2; Source File
EW0182,PFIZER\BIONTECH,1678,295.0,24.0,14698538.0,114.16,20.07,1.63,4355,2023-00157-A-PHS-New-data-set.xlsx; 22-01271-Pfizer-2022-0426.xlsx; 22-01272-Pfizer-Shipped-2022-0426.xlsx; Amended-22-01962-Pfizer-2022-0426-pulled-2022-0823.xlsx,#3 Data; B2; C-Domestic; C2; Part2; Source File
FD8448,PFIZER\BIONTECH,1335,246.0,25.0,12322267.0,108.34,19.96,2.03,9586,2023-00157-A-PHS-New-data-set.xlsx; 22-01271-Pfizer-2022-0426.xlsx; 22-01272-Pfizer-Shipped-2022-0426.xlsx; Amended-22-01962-Pfizer-2022-0426-pulled-2022-0823.xlsx,#3 Data; B2; C-Domestic; C2; Part2; Source File
EW0170,PFIZER\BIONTECH,1898,313.0,34.0,15738290.0,120.6,19.89,2.16,4451,2023-00157-A-PHS-New-data-set.xlsx; 22-01271-Pfizer-2022-0426.xlsx; 22-01272-Pfizer-Shipped-2022-0426.xlsx; Amended-22-01962-Pfizer-2022-0426-pulled-2022-0823.xlsx,#3 Data; B2; C-Domestic; C2; Part2; Source File
FH8020,PFIZER\BIONTECH,1956,255.0,17.0,12894456.0,151.69,19.78,1.32,5232,2023-00157-A-PHS-New-data-set.xlsx; 22-01271-Pfizer-2022-0426.xlsx; 22-01272-Pfizer-Shipped-2022-0426.xlsx; Amended-22-01962-Pfizer-2022-0426-pulled-2022-0823.xlsx,#3 Data; B2; C-Domestic; C2; Part2; Source File
FH8028,PFIZER\BIONTECH,1282,260.0,29.0,13144686.0,97.53,19.78,2.21,6098,2023-00157-A-PHS-New-data-set.xlsx; 22-01271-Pfizer-2022-0426.xlsx; 22-01272-Pfizer-Shipped-2022-0426.xlsx; Amended-22-01962-Pfizer-2022-0426-pulled-2022-0823.xlsx,#3 Data; B2; C-Domestic; C2; Part2; Source File
EW0161,PFIZER\BIONTECH,2131,317.0,41.0,16148400.0,131.96,19.63,2.54,5188,2023-00157-A-PHS-New-data-set.xlsx; 22-01271-Pfizer-2022-0426.xlsx; 22-01272-Pfizer-Shipped-2022-0426.xlsx; Amended-22-01962-Pfizer-2022-0426-pulled-2022-0823.xlsx,#3 Data; B2; C-Domestic; C2; Part2; Source File
FA7484,PFIZER\BIONTECH,1285,187.0,25.0,9720688.0,132.19,19.24,2.57,8222,2023-00157-A-PHS-New-data-set.xlsx; 22-01271-Pfizer-2022-0426.xlsx; 22-01272-Pfizer-Shipped-2022-0426.xlsx; Amended-22-01962-Pfizer-2022-0426-pulled-2022-0823.xlsx,#3 Data; B2; C-Domestic; C2; Part2; Source File
EW0180,PFIZER\BIONTECH,1742,261.0,18.0,13627256.0,127.83,19.15,1.32,5703,2023-00157-A-PHS-New-data-set.xlsx; 22-01271-Pfizer-2022-0426.xlsx; 22-01272-Pfizer-Shipped-2022-0426.xlsx; Amended-22-01962-Pfizer-2022-0426-pulled-2022-0823.xlsx,#3 Data; B2; C-Domestic; C2; Part2; Source File
FA7485,PFIZER\BIONTECH,1536,243.0,31.0,12863195.0,119.41,18.89,2.41,11965,2023-00157-A-PHS-New-data-set.xlsx; 22-01271-Pfizer-2022-0426.xlsx; 22-01272-Pfizer-Shipped-2022-0426.xlsx; Amended-22-01962-Pfizer-2022-0426-pulled-2022-0823.xlsx,#3 Data; B2; C-Domestic; C2; Part2; Source File
EW0217,PFIZER\BIONTECH,1975,252.0,44.0,13547915.0,145.78,18.6,3.25,4930,2023-00157-A-PHS-New-data-set.xlsx; 22-01271-Pfizer-2022-0426.xlsx; 22-01272-Pfizer-Shipped-2022-0426.xlsx; Amended-22-01962-Pfizer-2022-0426-pulled-2022-0823.xlsx,#3 Data; B2; C-Domestic; C2; Part2; Source File
EW0202,PFIZER\BIONTECH,387,56.0,7.0,3052073.0,126.8,18.35,2.29,1476,2023-00157-A-PHS-New-data-set.xlsx; 22-01271-Pfizer-2022-0426.xlsx; 22-01272-Pfizer-Shipped-2022-0426.xlsx; Amended-22-01962-Pfizer-2022-0426-pulled-2022-0823.xlsx,#3 Data; B2; C-Domestic; C2; Part2; Source File
EW0177,PFIZER\BIONTECH,1787,277.0,23.0,15149147.0,117.96,18.28,1.52,5312,2023-00157-A-PHS-New-data-set.xlsx; 22-01271-Pfizer-2022-0426.xlsx; 22-01272-Pfizer-Shipped-2022-0426.xlsx; Amended-22-01962-Pfizer-2022-0426-pulled-2022-0823.xlsx,#3 Data; B2; C-Domestic; C2; Part2; Source File
FF2589,PFIZER\BIONTECH,1605,236.0,34.0,13204580.0,121.55,17.87,2.57,5642,2023-00157-A-PHS-New-data-set.xlsx; 22-01271-Pfizer-2022-0426.xlsx; 22-01272-Pfizer-Shipped-2022-0426.xlsx; Amended-22-01962-Pfizer-2022-0426-pulled-2022-0823.xlsx,#3 Data; B2; C-Domestic; C2; Part2; Source File
FA6780,PFIZER\BIONTECH,1712,229.0,26.0,12941101.0,132.29,17.7,2.01,13003,2023-00157-A-PHS-New-data-set.xlsx; 22-01271-Pfizer-2022-0426.xlsx; 22-01272-Pfizer-Shipped-2022-0426.xlsx; Amended-22-01962-Pfizer-2022-0426-pulled-2022-0823.xlsx,#3 Data; B2; C-Domestic; C2; Part2; Source File
30125BA,PFIZER\BIONTECH,120,37.0,3.0,2125929.0,56.45,17.4,1.41,1209,2023-00157-A-PHS-New-data-set.xlsx; 22-01271-Pfizer-2022-0426.xlsx; 22-01272-Pfizer-Shipped-2022-0426.xlsx; Amended-22-01962-Pfizer-2022-0426-pulled-2022-0823.xlsx,#3 Data; B2; C-Domestic; C2; Part2; Source File
EW0196,PFIZER\BIONTECH,1687,225.0,23.0,13046365.0,129.31,17.25,1.76,5499,2023-00157-A-PHS-New-data-set.xlsx; 22-01271-Pfizer-2022-0426.xlsx; 22-01272-Pfizer-Shipped-2022-0426.xlsx; Amended-22-01962-Pfizer-2022-0426-pulled-2022-0823.xlsx,#3 Data; B2; C-Domestic; C2; Part2; Source File
FH8030,PFIZER\BIONTECH,1068,224.0,25.0,13136843.0,81.3,17.05,1.9,6596,2023-00157-A-PHS-New-data-set.xlsx; 22-01271-Pfizer-2022-0426.xlsx; 22-01272-Pfizer-Shipped-2022-0426.xlsx; Amended-22-01962-Pfizer-2022-0426-pulled-2022-0823.xlsx,#3 Data; B2; C-Domestic; C2; Part2; Source File
30155BA,PFIZER\BIONTECH,1233,210.0,19.0,12803447.0,96.3,16.4,1.48,5944,2023-00157-A-PHS-New-data-set.xlsx; 22-01271-Pfizer-2022-0426.xlsx; 22-01272-Pfizer-Shipped-2022-0426.xlsx; Amended-22-01962-Pfizer-2022-0426-pulled-2022-0823.xlsx,#3 Data; B2; C-Domestic; C2; Part2; Source File
EW0173,PFIZER\BIONTECH,2300,292.0,21.0,17866729.0,128.73,16.34,1.18,3577,2023-00157-A-PHS-New-data-set.xlsx; 22-01271-Pfizer-2022-0426.xlsx; 22-01272-Pfizer-Shipped-2022-0426.xlsx; Amended-22-01962-Pfizer-2022-0426-pulled-2022-0823.xlsx,#3 Data; B2; C-Domestic; C2; Part2; Source File
EW0181,PFIZER\BIONTECH,1708,211.0,15.0,12911508.0,132.29,16.34,1.16,5540,2023-00157-A-PHS-New-data-set.xlsx; 22-01271-Pfizer-2022-0426.xlsx; 22-01272-Pfizer-Shipped-2022-0426.xlsx; Amended-22-01962-Pfizer-2022-0426-pulled-2022-0823.xlsx,#3 Data; B2; C-Domestic; C2; Part2; Source File
EW0187,PFIZER\BIONTECH,1779,246.0,24.0,15103443.0,117.79,16.29,1.59,3952,2023-00157-A-PHS-New-data-set.xlsx; 22-01271-Pfizer-2022-0426.xlsx; 22-01272-Pfizer-Shipped-2022-0426.xlsx; Amended-22-01962-Pfizer-2022-0426-pulled-2022-0823.xlsx,#3 Data; B2; C-Domestic; C2; Part2; Source File
FM9992,PFIZER\BIONTECH,1070,194.0,23.0,12051648.0,88.78,16.1,1.91,26160,2023-00157-A-PHS-New-data-set.xlsx; 22-01271-Pfizer-2022-0426.xlsx; 22-01272-Pfizer-Shipped-2022-0426.xlsx; Amended-22-01962-Pfizer-2022-0426-pulled-2022-0823.xlsx,#3 Data; B2; C-Domestic; C2; Part2; Source File
FD0809,PFIZER\BIONTECH,1627,219.0,26.0,13618556.0,119.47,16.08,1.91,14192,2023-00157-A-PHS-New-data-set.xlsx; 22-01271-Pfizer-2022-0426.xlsx; 22-01272-Pfizer-Shipped-2022-0426.xlsx; Amended-22-01962-Pfizer-2022-0426-pulled-2022-0823.xlsx,#3 Data; B2; C-Domestic; C2; Part2; Source File
EW0185,PFIZER\BIONTECH,1919,291.0,18.0,18324241.0,104.72,15.88,0.98,3764,2023-00157-A-PHS-New-data-set.xlsx; 22-01271-Pfizer-2022-0426.xlsx; 22-01272-Pfizer-Shipped-2022-0426.xlsx; Amended-22-01962-Pfizer-2022-0426-pulled-2022-0823.xlsx,#3 Data; B2; C-Domestic; C2; Part2; Source File
FP7139,PFIZER\BIONTECH,349,59.0,2.0,3830364.0,91.11,15.4,0.52,9173,2023-00157-A-PHS-New-data-set.xlsx,#3 Data; Part2
FK9894,PFIZER\BIONTECH,1549,238.0,29.0,15620848.0,99.16,15.24,1.86,24448,2023-00157-A-PHS-New-data-set.xlsx; 22-01271-Pfizer-2022-0426.xlsx; 22-01272-Pfizer-Shipped-2022-0426.xlsx; Amended-22-01962-Pfizer-2022-0426-pulled-2022-0823.xlsx,#3 Data; B2; C-Domestic; C2; Part2; Source File
FJ1620,PFIZER\BIONTECH,1082,217.0,14.0,14250720.0,75.93,15.23,0.98,6596,2023-00157-A-PHS-New-data-set.xlsx; 22-01271-Pfizer-2022-0426.xlsx; 22-01272-Pfizer-Shipped-2022-0426.xlsx; Amended-22-01962-Pfizer-2022-0426-pulled-2022-0823.xlsx,#3 Data; B2; C-Domestic; C2; Part2; Source File
FH8027,PFIZER\BIONTECH,1123,200.0,25.0,13321071.0,84.3,15.01,1.88,5877,2023-00157-A-PHS-New-data-set.xlsx; 22-01271-Pfizer-2022-0426.xlsx; 22-01272-Pfizer-Shipped-2022-0426.xlsx; Amended-22-01962-Pfizer-2022-0426-pulled-2022-0823.xlsx,#3 Data; B2; C-Domestic; C2; Part2; Source File
FP7150,PFIZER\BIONTECH,506,49.0,9.0,3316414.0,152.57,14.77,2.71,7608,2023-00157-A-PHS-New-data-set.xlsx; 22-01271-Pfizer-2022-0426.xlsx,#3 Data; C2; Part2
FD7218,PFIZER\BIONTECH,862,170.0,16.0,11640247.0,74.05,14.6,1.37,5084,2023-00157-A-PHS-New-data-set.xlsx; 22-01271-Pfizer-2022-0426.xlsx; 22-01272-Pfizer-Shipped-2022-0426.xlsx; Amended-22-01962-Pfizer-2022-0426-pulled-2022-0823.xlsx,#3 Data; B2; C-Domestic; C2; Part2; Source File
FJ8757,PFIZER\BIONTECH,1060,209.0,15.0,14443254.0,73.39,14.47,1.04,6912,2023-00157-A-PHS-New-data-set.xlsx; 22-01271-Pfizer-2022-0426.xlsx; 22-01272-Pfizer-Shipped-2022-0426.xlsx; Amended-22-01962-Pfizer-2022-0426-pulled-2022-0823.xlsx,#3 Data; B2; C-Domestic; C2; Part2; Source File
FP4554,PFIZER\BIONTECH,793,110.0,6.0,7649236.0,103.67,14.38,0.78,17179,2023-00157-A-PHS-New-data-set.xlsx; 22-01271-Pfizer-2022-0426.xlsx; 22-01272-Pfizer-Shipped-2022-0426.xlsx; Amended-22-01962-Pfizer-2022-0426-pulled-2022-0823.xlsx,#3 Data; B2; C-Domestic; C2; Part2; Source File
33026BD,PFIZER\BIONTECH,158,53.0,2.0,3717202.0,42.51,14.26,0.54,1901,2023-00157-A-PHS-New-data-set.xlsx; 22-01271-Pfizer-2022-0426.xlsx; 22-01272-Pfizer-Shipped-2022-0426.xlsx; Amended-22-01962-Pfizer-2022-0426-pulled-2022-0823.xlsx,#3 Data; B2; C-Domestic; C2; Part2; Source File
FR2583,PFIZER\BIONTECH,766,13.0,0.0,935062.0,819.2,13.9,0.0,2605,2023-00157-A-PHS-New-data-set.xlsx; 22-01271-Pfizer-2022-0426.xlsx,#3 Data; C2; Part2
EW0198,PFIZER\BIONTECH,1385,146.0,9.0,10562063.0,131.13,13.82,0.85,4850,2023-00157-A-PHS-New-data-set.xlsx; 22-01271-Pfizer-2022-0426.xlsx; 22-01272-Pfizer-Shipped-2022-0426.xlsx; Amended-22-01962-Pfizer-2022-0426-pulled-2022-0823.xlsx,#3 Data; B2; C-Domestic; C2; Part2; Source File
30135BA,PFIZER\BIONTECH,746,143.0,24.0,10528166.0,70.86,13.58,2.28,6721,2023-00157-A-PHS-New-data-set.xlsx; 22-01271-Pfizer-2022-0426.xlsx; 22-01272-Pfizer-Shipped-2022-0426.xlsx; Amended-22-01962-Pfizer-2022-0426-pulled-2022-0823.xlsx,#3 Data; B2; C-Domestic; C2; Part2; Source File
30145BA,PFIZER\BIONTECH,1179,149.0,18.0,11219528.0,105.08,13.28,1.6,5644,2023-00157-A-PHS-New-data-set.xlsx; 22-01271-Pfizer-2022-0426.xlsx; 22-01272-Pfizer-Shipped-2022-0426.xlsx; Amended-22-01962-Pfizer-2022-0426-pulled-2022-0823.xlsx,#3 Data; B2; C-Domestic; C2; Part2; Source File
FJ6369,PFIZER\BIONTECH,1436,214.0,20.0,16412434.0,87.49,13.04,1.22,23815,2023-00157-A-PHS-New-data-set.xlsx; 22-01271-Pfizer-2022-0426.xlsx; 22-01272-Pfizer-Shipped-2022-0426.xlsx; Amended-22-01962-Pfizer-2022-0426-pulled-2022-0823.xlsx,#3 Data; B2; C-Domestic; C2; Part2; Source File
FM0173,PFIZER\BIONTECH,308,49.0,3.0,3761651.0,81.88,13.03,0.8,7284,2023-00157-A-PHS-New-data-set.xlsx; 22-01271-Pfizer-2022-0426.xlsx; 22-01272-Pfizer-Shipped-2022-0426.xlsx; Amended-22-01962-Pfizer-2022-0426-pulled-2022-0823.xlsx,#3 Data; B2; C-Domestic; C2; Part2; Source File
FR2587,PFIZER\BIONTECH,429,6.0,0.0,462840.0,926.89,12.96,0.0,1524,2023-00157-A-PHS-New-data-set.xlsx; 22-01271-Pfizer-2022-0426.xlsx,#3 Data; C2; Part2
FE3594,PFIZER\BIONTECH,1150,192.0,7.0,15132534.0,76.0,12.69,0.46,6886,2023-00157-A-PHS-New-data-set.xlsx; 22-01271-Pfizer-2022-0426.xlsx; 22-01272-Pfizer-Shipped-2022-0426.xlsx; Amended-22-01962-Pfizer-2022-0426-pulled-2022-0823.xlsx,#3 Data; B2; C-Domestic; C2; Part2; Source File
FJ1611,PFIZER\BIONTECH,803,154.0,12.0,12154454.0,66.07,12.67,0.99,5575,2023-00157-A-PHS-New-data-set.xlsx; 22-01271-Pfizer-2022-0426.xlsx; 22-01272-Pfizer-Shipped-2022-0426.xlsx; Amended-22-01962-Pfizer-2022-0426-pulled-2022-0823.xlsx,#3 Data; B2; C-Domestic; C2; Part2; Source File
FK9729,PFIZER\BIONTECH,1404,205.0,19.0,16364857.0,85.79,12.53,1.16,22830,2023-00157-A-PHS-New-data-set.xlsx; 22-01271-Pfizer-2022-0426.xlsx; 22-01272-Pfizer-Shipped-2022-0426.xlsx; Amended-22-01962-Pfizer-2022-0426-pulled-2022-0823.xlsx,#3 Data; B2; C-Domestic; C2; Part2; Source File
FW1331,PFIZER\BIONTECH,128,3.0,1.0,244069.0,524.44,12.29,4.1,614,2023-00157-A-PHS-New-data-set.xlsx,#3 Data; Part2
FL3198,PFIZER\BIONTECH,840,159.0,8.0,13076904.0,64.24,12.16,0.61,6636,2023-00157-A-PHS-New-data-set.xlsx; 22-01271-Pfizer-2022-0426.xlsx; 22-01272-Pfizer-Shipped-2022-0426.xlsx; Amended-22-01962-Pfizer-2022-0426-pulled-2022-0823.xlsx,#3 Data; B2; C-Domestic; C2; Part2; Source File
HREW0169,PFIZER\BIONTECH,2,1.0,0.0,84480.0,23.67,11.84,0.0,5,2023-00157-A-PHS-New-data-set.xlsx; 22-01271-Pfizer-2022-0426.xlsx,#3 Data; C2
FJ8762,PFIZER\BIONTECH,997,151.0,9.0,13225741.0,75.38,11.42,0.68,6162,2023-00157-A-PHS-New-data-set.xlsx; 22-01271-Pfizer-2022-0426.xlsx; 22-01272-Pfizer-Shipped-2022-0426.xlsx; Amended-22-01962-Pfizer-2022-0426-pulled-2022-0823.xlsx,#3 Data; B2; C-Domestic; C2; Part2; Source File
EY0584,PFIZER\BIONTECH,394,21.0,2.0,1873612.0,210.29,11.21,1.07,1105,2023-00157-A-PHS-New-data-set.xlsx; 22-01271-Pfizer-2022-0426.xlsx; 22-01272-Pfizer-Shipped-2022-0426.xlsx; Amended-22-01962-Pfizer-2022-0426-pulled-2022-0823.xlsx,#3 Data; B2; C-Domestic; C2; Part2; Source File
32030BD,PFIZER\BIONTECH,842,138.0,16.0,12522432.0,67.24,11.02,1.28,5468,2023-00157-A-PHS-New-data-set.xlsx; 22-01271-Pfizer-2022-0426.xlsx; 22-01272-Pfizer-Shipped-2022-0426.xlsx; Amended-22-01962-Pfizer-2022-0426-pulled-2022-0823.xlsx,#3 Data; B2; C-Domestic; C2; Part2; Source File
30130BA,PFIZER\BIONTECH,549,104.0,7.0,9552305.0,57.47,10.89,0.73,6857,2023-00157-A-PHS-New-data-set.xlsx; 22-01271-Pfizer-2022-0426.xlsx; 22-01272-Pfizer-Shipped-2022-0426.xlsx; Amended-22-01962-Pfizer-2022-0426-pulled-2022-0823.xlsx,#3 Data; B2; C-Domestic; C2; Part2; Source File
FJ9943,PFIZER\BIONTECH,447,66.0,1.0,6440158.0,69.41,10.25,0.16,14187,2023-00157-A-PHS-New-data-set.xlsx; 22-01271-Pfizer-2022-0426.xlsx; 22-01272-Pfizer-Shipped-2022-0426.xlsx; Amended-22-01962-Pfizer-2022-0426-pulled-2022-0823.xlsx,#3 Data; B2; C-Domestic; C2; Part2; Source File
FL3197,PFIZER\BIONTECH,920,129.0,8.0,12742787.0,72.2,10.12,0.63,5956,2023-00157-A-PHS-New-data-set.xlsx; 22-01271-Pfizer-2022-0426.xlsx; 22-01272-Pfizer-Shipped-2022-0426.xlsx; Amended-22-01962-Pfizer-2022-0426-pulled-2022-0823.xlsx,#3 Data; B2; C-Domestic; C2; Part2; Source File
FK9893,PFIZER\BIONTECH,1213,148.0,18.0,14702022.0,82.51,10.07,1.22,34480,2023-00157-A-PHS-New-data-set.xlsx; 22-01271-Pfizer-2022-0426.xlsx; 22-01272-Pfizer-Shipped-2022-0426.xlsx; Amended-22-01962-Pfizer-2022-0426-pulled-2022-0823.xlsx,#3 Data; B2; C-Domestic; C2; Part2; Source File
FP7138,PFIZER\BIONTECH,619,34.0,5.0,3392622.0,182.45,10.02,1.47,7618,2023-00157-A-PHS-New-data-set.xlsx; 22-01271-Pfizer-2022-0426.xlsx,#3 Data; C2; Part2
FJ4989,PFIZER\BIONTECH,622,85.0,8.0,8924150.0,69.7,9.52,0.9,13999,2023-00157-A-PHS-New-data-set.xlsx; 22-01271-Pfizer-2022-0426.xlsx; 22-01272-Pfizer-Shipped-2022-0426.xlsx; Amended-22-01962-Pfizer-2022-0426-pulled-2022-0823.xlsx,#3 Data; B2; C-Domestic; C2; Part2; Source File
FJ5682,PFIZER\BIONTECH,462,79.0,7.0,8315939.0,55.56,9.5,0.84,10167,2023-00157-A-PHS-New-data-set.xlsx; 22-01271-Pfizer-2022-0426.xlsx; 22-01272-Pfizer-Shipped-2022-0426.xlsx; Amended-22-01962-Pfizer-2022-0426-pulled-2022-0823.xlsx,#3 Data; B2; C-Domestic; C2; Part2; Source File
FJ1614,PFIZER\BIONTECH,468,105.0,8.0,11445990.0,40.89,9.17,0.7,6355,2023-00157-A-PHS-New-data-set.xlsx; 22-01271-Pfizer-2022-0426.xlsx; 22-01272-Pfizer-Shipped-2022-0426.xlsx; Amended-22-01962-Pfizer-2022-0426-pulled-2022-0823.xlsx,#3 Data; B2; C-Domestic; C2; Part2; Source File
FP7137,PFIZER\BIONTECH,387,31.0,1.0,3386093.0,114.29,9.16,0.3,8160,2023-00157-A-PHS-New-data-set.xlsx,#3 Data; Part2
33130BA,PFIZER\BIONTECH,1099,129.0,12.0,14340770.0,76.63,9.0,0.84,6934,2023-00157-A-PHS-New-data-set.xlsx; 22-01271-Pfizer-2022-0426.xlsx; 22-01272-Pfizer-Shipped-2022-0426.xlsx; Amended-22-01962-Pfizer-2022-0426-pulled-2022-0823.xlsx,#3 Data; B2; C-Domestic; C2; Part2; Source File
FL3209,PFIZER\BIONTECH,638,96.0,9.0,11802830.0,54.05,8.13,0.76,5777,2023-00157-A-PHS-New-data-set.xlsx; 22-01271-Pfizer-2022-0426.xlsx; 22-01272-Pfizer-Shipped-2022-0426.xlsx; Amended-22-01962-Pfizer-2022-0426-pulled-2022-0823.xlsx,#3 Data; B2; C-Domestic; C2; Part2; Source File
P0001332,PFIZER\BIONTECH,6,2.0,0.0,246180.0,24.37,8.12,0.0,169,2023-00157-A-PHS-New-data-set.xlsx; 22-01271-Pfizer-2022-0426.xlsx; 22-01272-Pfizer-Shipped-2022-0426.xlsx; Amended-22-01962-Pfizer-2022-0426-pulled-2022-0823.xlsx,#3 Data; B2; C-Domestic; C2; Part2; Source File
FK9895,PFIZER\BIONTECH,1266,125.0,15.0,15823382.0,80.01,7.9,0.95,28455,2023-00157-A-PHS-New-data-set.xlsx; 22-01271-Pfizer-2022-0426.xlsx; 22-01272-Pfizer-Shipped-2022-0426.xlsx; Amended-22-01962-Pfizer-2022-0426-pulled-2022-0823.xlsx,#3 Data; B2; C-Domestic; C2; Part2; Source File
FJ4991,PFIZER\BIONTECH,699,55.0,4.0,7081066.0,98.71,7.77,0.56,15365,2023-00157-A-PHS-New-data-set.xlsx; 22-01271-Pfizer-2022-0426.xlsx; 22-01272-Pfizer-Shipped-2022-0426.xlsx; Amended-22-01962-Pfizer-2022-0426-pulled-2022-0823.xlsx,#3 Data; B2; C-Domestic; C2; Part2; Source File
FM0698,PFIZER\BIONTECH,1505,109.0,7.0,15511209.0,97.03,7.03,0.45,26169,2023-00157-A-PHS-New-data-set.xlsx; 22-01271-Pfizer-2022-0426.xlsx; 22-01272-Pfizer-Shipped-2022-0426.xlsx; Amended-22-01962-Pfizer-2022-0426-pulled-2022-0823.xlsx,#3 Data; B2; C-Domestic; C2; Part2; Source File
FK9896,PFIZER\BIONTECH,976,109.0,8.0,15880474.0,61.46,6.86,0.5,26040,2023-00157-A-PHS-New-data-set.xlsx; 22-01271-Pfizer-2022-0426.xlsx; 22-01272-Pfizer-Shipped-2022-0426.xlsx; Amended-22-01962-Pfizer-2022-0426-pulled-2022-0823.xlsx,#3 Data; B2; C-Domestic; C2; Part2; Source File
33030BD,PFIZER\BIONTECH,482,84.0,6.0,12802646.0,37.65,6.56,0.47,7241,2023-00157-A-PHS-New-data-set.xlsx; 22-01271-Pfizer-2022-0426.xlsx; 22-01272-Pfizer-Shipped-2022-0426.xlsx; Amended-22-01962-Pfizer-2022-0426-pulled-2022-0823.xlsx,#3 Data; B2; C-Domestic; C2; Part2; Source File
FJ5683,PFIZER\BIONTECH,391,48.0,4.0,8304968.0,47.08,5.78,0.48,6275,2023-00157-A-PHS-New-data-set.xlsx; 22-01271-Pfizer-2022-0426.xlsx; 22-01272-Pfizer-Shipped-2022-0426.xlsx; Amended-22-01962-Pfizer-2022-0426-pulled-2022-0823.xlsx,#3 Data; B2; C-Domestic; C2; Part2; Source File
33036BD,PFIZER\BIONTECH,386,45.0,4.0,10252153.0,37.65,4.39,0.39,5354,2023-00157-A-PHS-New-data-set.xlsx; 22-01271-Pfizer-2022-0426.xlsx; 22-01272-Pfizer-Shipped-2022-0426.xlsx; Amended-22-01962-Pfizer-2022-0426-pulled-2022-0823.xlsx,#3 Data; B2; C-Domestic; C2; Part2; Source File
FW1330,PFIZER\BIONTECH,61,1.0,0.0,232483.0,262.38,4.3,0.0,600,2023-00157-A-PHS-New-data-set.xlsx,#3 Data; Part2
FP7140,PFIZER\BIONTECH,537,10.0,1.0,2342823.0,229.21,4.27,0.43,6416,2023-00157-A-PHS-New-data-set.xlsx; 22-01271-Pfizer-2022-0426.xlsx,#3 Data; C2; Part2
FT9142,PFIZER\BIONTECH,1280,39.0,2.0,9218113.0,138.86,4.23,0.22,44842,2023-00157-A-PHS-New-data-set.xlsx,#3 Data; Part2
33025BD,PFIZER\BIONTECH,409,37.0,4.0,8837557.0,46.28,4.19,0.45,3964,2023-00157-A-PHS-New-data-set.xlsx; 22-01271-Pfizer-2022-0426.xlsx; 22-01272-Pfizer-Shipped-2022-0426.xlsx; Amended-22-01962-Pfizer-2022-0426-pulled-2022-0823.xlsx,#3 Data; B2; C-Domestic; C2; Part2; Source File
FP7141,PFIZER\BIONTECH,480,7.0,0.0,1915604.0,250.57,3.65,0.0,5501,2023-00157-A-PHS-New-data-set.xlsx,#3 Data; Part2
FK5127,PFIZER\BIONTECH,3364,131.0,4.0,42937475.0,78.35,3.05,0.09,60914,2023-00157-A-PHS-New-data-set.xlsx; 22-01271-Pfizer-2022-0426.xlsx; 22-01272-Pfizer-Shipped-2022-0426.xlsx; Amended-22-01962-Pfizer-2022-0426-pulled-2022-0823.xlsx,#3 Data; B2; C-Domestic; C2; Part2; Source File
FK5618,PFIZER\BIONTECH,2543,106.0,6.0,36366750.0,69.93,2.91,0.16,42600,2023-00157-A-PHS-New-data-set.xlsx; 22-01271-Pfizer-2022-0426.xlsx; 22-01272-Pfizer-Shipped-2022-0426.xlsx; Amended-22-01962-Pfizer-2022-0426-pulled-2022-0823.xlsx,#3 Data; B2; C-Domestic; C2; Part2; Source File
FL0007,PFIZER\BIONTECH,1794,79.0,1.0,41523590.0,43.2,1.9,0.02,136693,2023-00157-A-PHS-New-data-set.xlsx; 22-01271-Pfizer-2022-0426.xlsx; 22-01272-Pfizer-Shipped-2022-0426.xlsx; Amended-22-01962-Pfizer-2022-0426-pulled-2022-0823.xlsx,#3 Data; B2; C-Domestic; C2; Part2; Source File
FL2757,PFIZER\BIONTECH,1113,10.0,0.0,5400838.0,206.08,1.85,0.0,30238,2023-00157-A-PHS-New-data-set.xlsx; 22-01271-Pfizer-2022-0426.xlsx,#3 Data; C2; Part2
FL8095,PFIZER\BIONTECH,1438,32.0,4.0,21894549.0,65.68,1.46,0.18,108305,2023-00157-A-PHS-New-data-set.xlsx; 22-01271-Pfizer-2022-0426.xlsx; 22-01272-Pfizer-Shipped-2022-0426.xlsx; Amended-22-01962-Pfizer-2022-0426-pulled-2022-0823.xlsx,#3 Data; B2; C-Domestic; C2; Part2; Source File
FL8094,PFIZER\BIONTECH,1409,26.0,0.0,21745482.0,64.8,1.2,0.0,102495,2023-00157-A-PHS-New-data-set.xlsx; 22-01271-Pfizer-2022-0426.xlsx; 22-01272-Pfizer-Shipped-2022-0426.xlsx; Amended-22-01962-Pfizer-2022-0426-pulled-2022-0823.xlsx,#3 Data; B2; C-Domestic; C2; Part2; Source File
FT1551,PFIZER\BIONTECH,420,2.0,0.0,2786519.0,150.73,0.72,0.0,16105,2023-00157-A-PHS-New-data-set.xlsx,#3 Data; Part2
301358,PFIZER\BIONTECH,7,0.0,0.0,11892.0,588.63,0.0,0.0,88,2023-00157-A-PHS-New-data-set.xlsx; 22-01271-Pfizer-2022-0426.xlsx,#3 Data; C2
301458,PFIZER\BIONTECH,3,0.0,0.0,11319.0,265.04,0.0,0.0,85,2023-00157-A-PHS-New-data-set.xlsx; 22-01271-Pfizer-2022-0426.xlsx,#3 Data; C2
302308D,PFIZER\BIONTECH,5,0.0,0.0,10896.0,458.88,0.0,0.0,50,2023-00157-A-PHS-New-data-set.xlsx; 22-01271-Pfizer-2022-0426.xlsx,#3 Data; C2
EW0175H,PFIZER\BIONTECH,16,0.0,0.0,28647.0,558.52,0.0,0.0,8,2023-00157-A-PHS-New-data-set.xlsx; 22-01271-Pfizer-2022-0426.xlsx,#3 Data; C2
EW0179H,PFIZER\BIONTECH,9,0.0,0.0,20572.0,437.49,0.0,0.0,19,2023-00157-A-PHS-New-data-set.xlsx; 22-01271-Pfizer-2022-0426.xlsx,#3 Data; C2
EW0185H,PFIZER\BIONTECH,12,0.0,0.0,22797.0,526.39,0.0,0.0,16,2023-00157-A-PHS-New-data-set.xlsx; 22-01271-Pfizer-2022-0426.xlsx,#3 Data; C2
EW8736,PFIZER\BIONTECH,7,0.0,0.0,10716.0,653.23,0.0,0.0,49,2023-00157-A-PHS-New-data-set.xlsx; 22-01271-Pfizer-2022-0426.xlsx,#3 Data; C2
FBER8735,PFIZER\BIONTECH,4,0.0,0.0,23019.0,173.77,0.0,0.0,12,2023-00157-A-PHS-New-data-set.xlsx; 22-01271-Pfizer-2022-0426.xlsx,#3 Data; C2
FK5217,PFIZER\BIONTECH,14,0.0,0.0,13010.0,1076.1,0.0,0.0,83,2023-00157-A-PHS-New-data-set.xlsx; 22-01271-Pfizer-2022-0426.xlsx,#3 Data; C2
FL00007,PFIZER\BIONTECH,19,0.0,0.0,11631.0,1633.57,0.0,0.0,100,2023-00157-A-PHS-New-data-set.xlsx; 22-01271-Pfizer-2022-0426.xlsx,#3 Data; C2
FW1333,PFIZER\BIONTECH,37,0.0,0.0,147091.0,251.54,0.0,0.0,433,2023-00157-A-PHS-New-data-set.xlsx,#3 Data; Part2
HREP7533,PFIZER\BIONTECH,1,0.0,0.0,43752.0,22.86,0.0,0.0,8,2023-00157-A-PHS-New-data-set.xlsx; 22-01271-Pfizer-2022-0426.xlsx,#3 Data; C2
HRER8727,PFIZER\BIONTECH,1,0.0,0.0,10428.0,95.9,0.0,0.0,4,2023-00157-A-PHS-New-data-set.xlsx; 22-01271-Pfizer-2022-0426.xlsx,#3 Data; C2
HREW0151,PFIZER\BIONTECH,1,0.0,0.0,25659.0,38.97,0.0,0.0,3,2023-00157-A-PHS-New-data-set.xlsx; 22-01271-Pfizer-2022-0426.xlsx,#3 Data; C2
HREW0158,PFIZER\BIONTECH,1,0.0,0.0,68094.0,14.69,0.0,0.0,9,2023-00157-A-PHS-New-data-set.xlsx; 22-01271-Pfizer-2022-0426.xlsx,#3 Data; C2
LOTER8730,PFIZER\BIONTECH,1,0.0,0.0,85596.0,11.68,0.0,0.0,9,2023-00157-A-PHS-New-data-set.xlsx; 22-01271-Pfizer-2022-0426.xlsx,#3 Data; C2
FLOOO7,PFIZER\BIONTECH,4,0.0,0.0,10646.0,375.73,0.0,0.0,76,2023-00157-A-PHS-New-data-set.xlsx; 22-01271-Pfizer-2022-0426.xlsx,#3 Data; C2
FG3257,PFIZER\BIONTECH,6,0.0,0.0,12054.0,497.76,0.0,0.0,55,2023-00157-A-PHS-New-data-set.xlsx; 22-01271-Pfizer-2022-0426.xlsx,#3 Data; C2
FA3180,PFIZER\BIONTECH,7,0.0,0.0,17950.0,389.97,0.0,0.0,50,2023-00157-A-PHS-New-data-set.xlsx; 22-01271-Pfizer-2022-0426.xlsx,#3 Data; C2
FBEW0171,PFIZER\BIONTECH,1,0.0,0.0,13272.0,75.35,0.0,0.0,4,2023-00157-A-PHS-New-data-set.xlsx; 22-01271-Pfizer-2022-0426.xlsx,#3 Data; C2
