lot_number,VAX_MANU,total_doses_shipped,reports,serious_reports,deaths,reports_per_million,serious_per_million,deaths_per_million,expected_serious,serious_oe_ratio,expected_deaths,death_oe_ratio,serious_oe_ci_low,serious_oe_ci_high
PAA156051,PFIZER\BIONTECH,125282.0,99,19.0,2.0,790.22,151.66,15.96,3.66,5.198,0.54,3.674,2.857,7.526
GJ3277,PFIZER\BIONTECH,3930955.0,1133,579.0,20.0,288.23,147.29,5.09,114.68,5.049,17.08,1.171,4.638,5.46
EK4176,PFIZER\BIONTECH,2073289.0,1934,275.0,45.0,932.82,132.64,21.7,60.49,4.546,9.01,4.995,4.009,5.084
EL9261,PFIZER\BIONTECH,7037705.0,2636,832.0,232.0,374.55,118.22,32.97,205.32,4.052,30.58,7.587,3.777,4.328
EL9265,PFIZER\BIONTECH,5518912.0,1750,638.0,119.0,317.09,115.6,21.56,161.01,3.962,23.98,4.962,3.655,4.27
EM9810,PFIZER\BIONTECH,5650006.0,1736,652.0,161.0,307.26,115.4,28.5,164.84,3.955,24.55,6.558,3.652,4.259
301558A,PFIZER\BIONTECH,857061.0,388,94.0,12.0,452.71,109.68,14.0,25.0,3.759,3.72,3.222,3.0,4.52
301358A,PFIZER\BIONTECH,976496.0,462,101.0,12.0,473.12,103.43,12.29,28.49,3.545,4.24,2.828,2.854,4.236
EL3249,PFIZER\BIONTECH,6173736.0,2740,638.0,156.0,443.82,103.34,25.27,180.12,3.542,26.83,5.815,3.267,3.817
EN9581,PFIZER\BIONTECH,2970255.0,957,289.0,101.0,322.19,97.3,34.0,86.66,3.335,12.91,7.826,2.95,3.719
301308A,PFIZER\BIONTECH,1861269.0,982,177.0,20.0,527.6,95.1,10.75,54.3,3.26,8.09,2.473,2.779,3.74
EL9267,PFIZER\BIONTECH,5883875.0,1652,558.0,139.0,280.77,94.84,23.62,171.66,3.251,25.57,5.437,2.981,3.52
EL0140,PFIZER\BIONTECH,3745488.0,1972,354.0,137.0,526.5,94.51,36.58,109.27,3.24,16.27,8.418,2.902,3.577
EL3248,PFIZER\BIONTECH,5183707.0,2553,488.0,161.0,492.5,94.14,31.06,151.23,3.227,22.52,7.148,2.941,3.513
GJ3275,PFIZER\BIONTECH,818022.0,470,76.0,12.0,574.56,92.91,14.67,23.87,3.185,3.55,3.376,2.468,3.9
EL9269,PFIZER\BIONTECH,8069015.0,1980,675.0,206.0,245.38,83.65,25.53,235.41,2.867,35.06,5.875,2.651,3.084
GH9702,PFIZER\BIONTECH,4752507.0,1913,397.0,19.0,402.52,83.53,4.0,138.65,2.863,20.65,0.92,2.582,3.145
EN6201,PFIZER\BIONTECH,15043577.0,3885,1253.0,311.0,258.25,83.29,20.67,438.89,2.855,65.37,4.758,2.697,3.013
GH9693,PFIZER\BIONTECH,5016505.0,2333,416.0,31.0,465.06,82.93,6.18,146.35,2.842,21.8,1.422,2.569,3.116
EL0142,PFIZER\BIONTECH,3639922.0,2201,300.0,78.0,604.68,82.42,21.43,106.19,2.825,15.82,4.932,2.505,3.145
EJ1686,PFIZER\BIONTECH,3272709.0,2126,268.0,90.0,649.61,81.89,27.5,95.48,2.807,14.22,6.329,2.471,3.143
EL3302,PFIZER\BIONTECH,5897414.0,1871,473.0,124.0,317.26,80.2,21.03,172.06,2.749,25.63,4.839,2.501,2.997
EN6200,PFIZER\BIONTECH,13890331.0,3395,1102.0,262.0,244.41,79.34,18.86,405.25,2.719,60.36,4.341,2.559,2.88
EN6202,PFIZER\BIONTECH,13619726.0,3316,1070.0,204.0,243.47,78.56,14.98,397.35,2.693,59.18,3.447,2.531,2.854
EL1283,PFIZER\BIONTECH,6860631.0,2985,537.0,89.0,435.09,78.27,12.97,200.16,2.683,29.81,2.986,2.456,2.91
EK9231,PFIZER\BIONTECH,6198140.0,4375,476.0,81.0,705.86,76.8,13.07,180.83,2.632,26.93,3.008,2.396,2.869
EJ1685,PFIZER\BIONTECH,4112894.0,2946,307.0,62.0,716.28,74.64,15.07,119.99,2.558,17.87,3.469,2.272,2.845
301258A,PFIZER\BIONTECH,161689.0,72,12.0,1.0,445.3,74.22,6.18,4.72,2.544,0.7,1.423,1.104,3.981
EL1284,PFIZER\BIONTECH,5739185.0,2994,414.0,98.0,521.68,72.14,17.08,167.44,2.473,24.94,3.93,2.234,2.711
EK5730,PFIZER\BIONTECH,5124381.0,4333,369.0,29.0,845.57,72.01,5.66,149.5,2.468,22.27,1.302,2.216,2.72
330258D,PFIZER\BIONTECH,715738.0,162,51.0,3.0,226.34,71.26,4.19,20.88,2.442,3.11,0.965,1.772,3.113
301458A,PFIZER\BIONTECH,1067197.0,701,75.0,8.0,656.86,70.28,7.5,31.14,2.409,4.64,1.725,1.863,2.954
EN5318,PFIZER\BIONTECH,14089448.0,3615,964.0,274.0,256.57,68.42,19.45,411.05,2.345,61.22,4.476,2.197,2.493
330268D,PFIZER\BIONTECH,588458.0,403,40.0,3.0,684.84,67.97,5.1,17.17,2.33,2.56,1.173,1.608,3.052
EN6198,PFIZER\BIONTECH,14075594.0,3260,951.0,245.0,231.61,67.56,17.41,410.65,2.316,61.16,4.006,2.169,2.463
320308D,PFIZER\BIONTECH,1771628.0,561,117.0,7.0,316.66,66.04,3.95,51.69,2.264,7.7,0.909,1.853,2.674
EH9899,PFIZER\BIONTECH,4979975.0,4004,327.0,44.0,804.02,65.66,8.84,145.29,2.251,21.64,2.033,2.007,2.495
EL9266,PFIZER\BIONTECH,6834293.0,1578,443.0,117.0,230.89,64.82,17.12,199.39,2.222,29.7,3.94,2.015,2.429
EL3247,PFIZER\BIONTECH,6393261.0,3282,403.0,78.0,513.35,63.04,12.2,186.52,2.161,27.78,2.808,1.95,2.372
EL8982,PFIZER\BIONTECH,7139895.0,2435,445.0,109.0,341.04,62.33,15.27,208.3,2.136,31.02,3.513,1.938,2.335
EL9264,PFIZER\BIONTECH,7380921.0,1969,449.0,107.0,266.77,60.83,14.5,215.34,2.085,32.07,3.336,1.892,2.278
ER2613,PFIZER\BIONTECH,15392071.0,4171,926.0,112.0,270.98,60.16,7.28,449.06,2.062,66.88,1.675,1.929,2.195
GJ6739,PFIZER\BIONTECH,1454212.0,1048,87.0,6.0,720.67,59.83,4.13,42.43,2.051,6.32,0.95,1.62,2.481
EN6207,PFIZER\BIONTECH,17895081.0,3518,1054.0,171.0,196.59,58.9,9.56,522.08,2.019,77.76,2.199,1.897,2.141
EL9263,PFIZER\BIONTECH,3498292.0,911,206.0,34.0,260.41,58.89,9.72,102.06,2.018,15.2,2.237,1.743,2.294
EL3246,PFIZER\BIONTECH,5747557.0,2549,335.0,66.0,443.49,58.29,11.48,167.68,1.998,24.97,2.643,1.784,2.212
EL9262,PFIZER\BIONTECH,7561130.0,2464,433.0,64.0,325.88,57.27,8.46,220.59,1.963,32.85,1.948,1.778,2.148
EN6203,PFIZER\BIONTECH,12633552.0,2858,702.0,126.0,226.22,55.57,9.97,368.58,1.905,54.89,2.295,1.764,2.046
GJ5342,PFIZER\BIONTECH,4821267.0,1204,260.0,20.0,249.73,53.93,4.15,140.66,1.848,20.95,0.955,1.624,2.073
330308D,PFIZER\BIONTECH,1668946.0,442,90.0,7.0,264.84,53.93,4.19,48.69,1.848,7.25,0.965,1.467,2.23
EN6204,PFIZER\BIONTECH,13490054.0,2863,722.0,133.0,212.23,53.52,9.86,393.57,1.835,58.62,2.269,1.701,1.968
EN6199,PFIZER\BIONTECH,14397579.0,2862,765.0,138.0,198.78,53.13,9.58,420.04,1.821,62.56,2.206,1.692,1.95
EM9809,PFIZER\BIONTECH,6719977.0,1530,350.0,55.0,227.68,52.08,8.18,196.05,1.785,29.2,1.884,1.598,1.972
GJ6665,PFIZER\BIONTECH,2861873.0,1533,146.0,17.0,535.66,51.02,5.94,83.49,1.749,12.44,1.367,1.465,2.032
EN6205,PFIZER\BIONTECH,18010207.0,3567,914.0,154.0,198.05,50.75,8.55,525.44,1.739,78.26,1.968,1.627,1.852
FD0810,PFIZER\BIONTECH,2293529.0,910,116.0,8.0,396.77,50.58,3.49,66.91,1.734,9.97,0.803,1.418,2.049
330368D,PFIZER\BIONTECH,644810.0,304,32.0,2.0,471.46,49.63,3.1,18.81,1.701,2.8,0.714,1.112,2.291
ER8732,PFIZER\BIONTECH,17640635.0,3501,843.0,100.0,198.46,47.79,5.67,514.66,1.638,76.65,1.305,1.527,1.749
331308A,PFIZER\BIONTECH,1595443.0,349,73.0,7.0,218.75,45.76,4.39,46.55,1.568,6.93,1.01,1.208,1.928
EN6208,PFIZER\BIONTECH,17579466.0,3364,802.0,132.0,191.36,45.62,7.51,512.87,1.564,76.39,1.728,1.456,1.672
EN6206,PFIZER\BIONTECH,16035725.0,2955,728.0,84.0,184.28,45.4,5.24,467.84,1.556,69.68,1.206,1.443,1.669
EW0150,PFIZER\BIONTECH,19220566.0,3184,857.0,73.0,165.66,44.59,3.8,560.75,1.528,83.52,0.874,1.426,1.631
ER8727,PFIZER\BIONTECH,16033160.0,3019,690.0,122.0,188.3,43.04,7.61,467.76,1.475,69.67,1.751,1.365,1.585
EW0172,PFIZER\BIONTECH,16828400.0,2722,684.0,53.0,161.75,40.65,3.15,490.96,1.393,73.12,0.725,1.289,1.498
EP6955,PFIZER\BIONTECH,16200050.0,3222,658.0,103.0,198.89,40.62,6.36,472.63,1.392,70.39,1.463,1.286,1.499
EP7534,PFIZER\BIONTECH,15838558.0,2754,638.0,91.0,173.88,40.28,5.75,462.08,1.381,68.82,1.322,1.274,1.488
GH9697,PFIZER\BIONTECH,2073667.0,400,82.0,3.0,192.9,39.54,1.45,60.5,1.355,9.01,0.333,1.062,1.649
ER8737,PFIZER\BIONTECH,15641419.0,2678,609.0,124.0,171.21,38.94,7.93,456.33,1.335,67.96,1.824,1.229,1.441
GH9703,PFIZER\BIONTECH,4843107.0,1081,186.0,20.0,223.2,38.41,4.13,141.3,1.316,21.04,0.95,1.127,1.506
EP7533,PFIZER\BIONTECH,14572152.0,2555,558.0,84.0,175.33,38.29,5.76,425.14,1.313,63.32,1.327,1.204,1.421
ER8733,PFIZER\BIONTECH,17887434.0,3356,675.0,79.0,187.62,37.74,4.42,521.86,1.293,77.72,1.016,1.196,1.391
EW0158,PFIZER\BIONTECH,15066925.0,2349,542.0,51.0,155.9,35.97,3.38,439.57,1.233,65.47,0.779,1.129,1.337
EW0169,PFIZER\BIONTECH,14452540.0,2188,495.0,69.0,151.39,34.25,4.77,421.65,1.174,62.8,1.099,1.071,1.277
GJ2524,PFIZER\BIONTECH,5534983.0,1753,187.0,11.0,316.71,33.79,1.99,161.48,1.158,24.05,0.457,0.992,1.324
EW0162,PFIZER\BIONTECH,16311273.0,2387,550.0,45.0,146.34,33.72,2.76,475.88,1.156,70.87,0.635,1.059,1.252
EW0153,PFIZER\BIONTECH,14374517.0,2419,476.0,52.0,168.28,33.11,3.62,419.37,1.135,62.46,0.833,1.033,1.237
ER8730,PFIZER\BIONTECH,15275856.0,2646,501.0,76.0,173.21,32.8,4.98,445.67,1.124,66.38,1.145,1.026,1.223
GH9694,PFIZER\BIONTECH,5843837.0,1947,191.0,21.0,333.17,32.68,3.59,170.49,1.12,25.39,0.827,0.961,1.279
EW0164,PFIZER\BIONTECH,14477680.0,2356,471.0,30.0,162.73,32.53,2.07,422.38,1.115,62.91,0.477,1.014,1.216
ER8734,PFIZER\BIONTECH,15560380.0,2583,489.0,77.0,166.0,31.43,4.95,453.97,1.077,67.61,1.139,0.982,1.173
FN2908,PFIZER\BIONTECH,3704279.0,614,110.0,15.0,165.75,29.7,4.05,108.07,1.018,16.1,0.932,0.828,1.208
ER8735,PFIZER\BIONTECH,14478608.0,2394,430.0,59.0,165.35,29.7,4.07,422.41,1.018,62.91,0.938,0.922,1.114
EW0151,PFIZER\BIONTECH,14507710.0,2789,423.0,61.0,192.24,29.16,4.2,423.26,0.999,63.04,0.968,0.904,1.095
ER8731,PFIZER\BIONTECH,15539410.0,2192,452.0,59.0,141.06,29.09,3.8,453.36,0.997,67.52,0.874,0.905,1.089
EW0179,PFIZER\BIONTECH,19768254.0,2369,571.0,32.0,119.84,28.88,1.62,576.73,0.99,85.9,0.373,0.909,1.071
FC3183,PFIZER\BIONTECH,13493610.0,1856,386.0,43.0,137.55,28.61,3.19,393.67,0.981,58.63,0.733,0.883,1.078
FF2593,PFIZER\BIONTECH,14620193.0,1537,416.0,48.0,105.13,28.45,3.28,426.54,0.975,63.53,0.756,0.882,1.069
ER8736,PFIZER\BIONTECH,15393209.0,2102,422.0,39.0,136.55,27.41,2.53,449.09,0.94,66.89,0.583,0.85,1.029
ER8729,PFIZER\BIONTECH,17019892.0,2854,467.0,49.0,167.69,27.44,2.88,496.55,0.94,73.95,0.663,0.855,1.026
FM7553,PFIZER\BIONTECH,6616646.0,1000,179.0,15.0,151.13,27.05,2.27,193.04,0.927,28.75,0.522,0.791,1.063
FP7135,PFIZER\BIONTECH,3882236.0,507,103.0,19.0,130.59,26.53,4.89,113.26,0.909,16.87,1.126,0.734,1.085
FE3592,PFIZER\BIONTECH,13133827.0,1537,343.0,35.0,117.03,26.12,2.66,383.17,0.895,57.07,0.613,0.8,0.99
FF2587,PFIZER\BIONTECH,12607908.0,1652,327.0,27.0,131.03,25.94,2.14,367.83,0.889,54.78,0.493,0.793,0.985
EW0186,PFIZER\BIONTECH,15160993.0,1793,388.0,32.0,118.26,25.59,2.11,442.32,0.877,65.88,0.486,0.79,0.964
FF2590,PFIZER\BIONTECH,14127928.0,1726,359.0,26.0,122.17,25.41,1.84,412.18,0.871,61.39,0.424,0.781,0.961
FC3181,PFIZER\BIONTECH,13661811.0,1598,337.0,23.0,116.97,24.67,1.68,398.58,0.846,59.36,0.387,0.755,0.936
FE3590,PFIZER\BIONTECH,14407306.0,1703,354.0,44.0,118.2,24.57,3.05,420.33,0.842,62.6,0.703,0.754,0.93
EW0183,PFIZER\BIONTECH,15594676.0,1742,383.0,11.0,111.7,24.56,0.71,454.97,0.842,67.76,0.162,0.758,0.926
FC3184,PFIZER\BIONTECH,13611447.0,1986,334.0,45.0,145.91,24.54,3.31,397.11,0.841,59.14,0.761,0.751,0.931
EW0171,PFIZER\BIONTECH,18546111.0,2240,446.0,79.0,120.78,24.05,4.26,541.08,0.824,80.59,0.98,0.748,0.901
EW0168,PFIZER\BIONTECH,14257435.0,1583,337.0,32.0,111.03,23.64,2.24,415.96,0.81,61.95,0.517,0.724,0.897
FF8841,PFIZER\BIONTECH,13157275.0,2006,308.0,40.0,152.46,23.41,3.04,383.86,0.802,57.17,0.7,0.713,0.892
EW0167,PFIZER\BIONTECH,14751992.0,2074,343.0,32.0,140.59,23.25,2.17,430.38,0.797,64.1,0.499,0.713,0.881
FG3527,PFIZER\BIONTECH,14248081.0,1427,326.0,38.0,100.15,22.88,2.67,415.68,0.784,61.91,0.614,0.699,0.869
FC3180,PFIZER\BIONTECH,13234261.0,1620,302.0,26.0,122.41,22.82,1.96,386.1,0.782,57.5,0.452,0.694,0.87
EW0175,PFIZER\BIONTECH,13892118.0,1760,311.0,34.0,126.69,22.39,2.45,405.3,0.767,60.36,0.563,0.682,0.853
EW0176,PFIZER\BIONTECH,14794519.0,1796,328.0,38.0,121.4,22.17,2.57,431.62,0.76,64.28,0.591,0.678,0.842
EW0165,PFIZER\BIONTECH,3434543.0,375,76.0,4.0,109.18,22.13,1.16,100.2,0.758,14.92,0.268,0.588,0.929
EW0191,PFIZER\BIONTECH,15917428.0,1802,349.0,19.0,113.21,21.93,1.19,464.39,0.752,69.16,0.275,0.673,0.83
FC3182,PFIZER\BIONTECH,14006913.0,1455,305.0,46.0,103.88,21.77,3.28,408.65,0.746,60.86,0.756,0.663,0.83
EW0178,PFIZER\BIONTECH,13139466.0,1568,276.0,12.0,119.34,21.01,0.91,383.34,0.72,57.09,0.21,0.635,0.805
FF8839,PFIZER\BIONTECH,12146408.0,1474,250.0,39.0,121.35,20.58,3.21,354.37,0.705,52.78,0.739,0.618,0.793
FF2588,PFIZER\BIONTECH,12813540.0,1331,263.0,30.0,103.87,20.53,2.34,373.83,0.704,55.68,0.539,0.619,0.789
EW0182,PFIZER\BIONTECH,14698538.0,1678,295.0,24.0,114.16,20.07,1.63,428.82,0.688,63.87,0.376,0.609,0.766
FD8448,PFIZER\BIONTECH,12322267.0,1335,246.0,25.0,108.34,19.96,2.03,359.5,0.684,53.54,0.467,0.599,0.77
EW0170,PFIZER\BIONTECH,15738290.0,1898,313.0,34.0,120.6,19.89,2.16,459.16,0.682,68.39,0.497,0.606,0.757
FH8020,PFIZER\BIONTECH,12894456.0,1956,255.0,17.0,151.69,19.78,1.32,376.19,0.678,56.03,0.303,0.595,0.761
FH8028,PFIZER\BIONTECH,13144686.0,1282,260.0,29.0,97.53,19.78,2.21,383.49,0.678,57.12,0.508,0.596,0.76
EW0161,PFIZER\BIONTECH,16148400.0,2131,317.0,41.0,131.96,19.63,2.54,471.12,0.673,70.17,0.584,0.599,0.747
FA7484,PFIZER\BIONTECH,9720688.0,1285,187.0,25.0,132.19,19.24,2.57,283.6,0.659,42.24,0.592,0.565,0.754
EW0180,PFIZER\BIONTECH,13627256.0,1742,261.0,18.0,127.83,19.15,1.32,397.57,0.656,59.21,0.304,0.577,0.736
FA7485,PFIZER\BIONTECH,12863195.0,1536,243.0,31.0,119.41,18.89,2.41,375.28,0.648,55.89,0.555,0.566,0.729
EW0217,PFIZER\BIONTECH,13547915.0,1975,252.0,44.0,145.78,18.6,3.25,395.26,0.638,58.87,0.747,0.559,0.716
EW0202,PFIZER\BIONTECH,3052073.0,387,56.0,7.0,126.8,18.35,2.29,89.04,0.629,13.26,0.528,0.464,0.794
EW0177,PFIZER\BIONTECH,15149147.0,1787,277.0,23.0,117.96,18.28,1.52,441.97,0.627,65.83,0.349,0.553,0.701
FF2589,PFIZER\BIONTECH,13204580.0,1605,236.0,34.0,121.55,17.87,2.57,385.24,0.613,57.38,0.593,0.534,0.691
FA6780,PFIZER\BIONTECH,12941101.0,1712,229.0,26.0,132.29,17.7,2.01,377.55,0.607,56.23,0.462,0.528,0.685
30125BA,PFIZER\BIONTECH,2125929.0,120,37.0,3.0,56.45,17.4,1.41,62.02,0.597,9.24,0.325,0.404,0.789
EW0196,PFIZER\BIONTECH,13046365.0,1687,225.0,23.0,129.31,17.25,1.76,380.62,0.591,56.69,0.406,0.514,0.668
FH8030,PFIZER\BIONTECH,13136843.0,1068,224.0,25.0,81.3,17.05,1.9,383.26,0.584,57.08,0.438,0.508,0.661
30155BA,PFIZER\BIONTECH,12803447.0,1233,210.0,19.0,96.3,16.4,1.48,373.54,0.562,55.63,0.342,0.486,0.638
EW0173,PFIZER\BIONTECH,17866729.0,2300,292.0,21.0,128.73,16.34,1.18,521.26,0.56,77.63,0.271,0.496,0.624
EW0181,PFIZER\BIONTECH,12911508.0,1708,211.0,15.0,132.29,16.34,1.16,376.69,0.56,56.1,0.267,0.485,0.636
EW0187,PFIZER\BIONTECH,15103443.0,1779,246.0,24.0,117.79,16.29,1.59,440.64,0.558,65.63,0.366,0.489,0.628
FM9992,PFIZER\BIONTECH,12051648.0,1070,194.0,23.0,88.78,16.1,1.91,351.6,0.552,52.37,0.439,0.474,0.629
FD0809,PFIZER\BIONTECH,13618556.0,1627,219.0,26.0,119.47,16.08,1.91,397.32,0.551,59.17,0.439,0.478,0.624
EW0185,PFIZER\BIONTECH,18324241.0,1919,291.0,18.0,104.72,15.88,0.98,534.6,0.544,79.62,0.226,0.482,0.607
FP7139,PFIZER\BIONTECH,3830364.0,349,59.0,2.0,91.11,15.4,0.52,111.75,0.528,16.64,0.12,0.393,0.663
FK9894,PFIZER\BIONTECH,15620848.0,1549,238.0,29.0,99.16,15.24,1.86,455.73,0.522,67.87,0.427,0.456,0.589
FJ1620,PFIZER\BIONTECH,14250720.0,1082,217.0,14.0,75.93,15.23,0.98,415.76,0.522,61.92,0.226,0.452,0.591
FH8027,PFIZER\BIONTECH,13321071.0,1123,200.0,25.0,84.3,15.01,1.88,388.64,0.515,57.88,0.432,0.443,0.586
FP7150,PFIZER\BIONTECH,3316414.0,506,49.0,9.0,152.57,14.77,2.71,96.76,0.506,14.41,0.625,0.365,0.648
FD7218,PFIZER\BIONTECH,11640247.0,862,170.0,16.0,74.05,14.6,1.37,339.6,0.501,50.58,0.316,0.425,0.576
FJ8757,PFIZER\BIONTECH,14443254.0,1060,209.0,15.0,73.39,14.47,1.04,421.38,0.496,62.76,0.239,0.429,0.563
FP4554,PFIZER\BIONTECH,7649236.0,793,110.0,6.0,103.67,14.38,0.78,223.16,0.493,33.24,0.181,0.401,0.585
33026BD,PFIZER\BIONTECH,3717202.0,158,53.0,2.0,42.51,14.26,0.54,108.45,0.489,16.15,0.124,0.357,0.62
FR2583,PFIZER\BIONTECH,935062.0,766,13.0,0.0,819.2,13.9,0.0,27.28,0.477,4.06,0.0,0.217,0.736
EW0198,PFIZER\BIONTECH,10562063.0,1385,146.0,9.0,131.13,13.82,0.85,308.14,0.474,45.89,0.196,0.397,0.551
30135BA,PFIZER\BIONTECH,10528166.0,746,143.0,24.0,70.86,13.58,2.28,307.16,0.466,45.75,0.525,0.389,0.542
30145BA,PFIZER\BIONTECH,11219528.0,1179,149.0,18.0,105.08,13.28,1.6,327.33,0.455,48.75,0.369,0.382,0.528
FJ6369,PFIZER\BIONTECH,16412434.0,1436,214.0,20.0,87.49,13.04,1.22,478.83,0.447,71.31,0.28,0.387,0.507
FM0173,PFIZER\BIONTECH,3761651.0,308,49.0,3.0,81.88,13.03,0.8,109.74,0.446,16.34,0.184,0.321,0.572
FR2587,PFIZER\BIONTECH,462840.0,429,6.0,0.0,926.89,12.96,0.0,13.5,0.444,2.01,0.0,0.089,0.8
FE3594,PFIZER\BIONTECH,15132534.0,1150,192.0,7.0,76.0,12.69,0.46,441.49,0.435,65.75,0.106,0.373,0.496
FJ1611,PFIZER\BIONTECH,12154454.0,803,154.0,12.0,66.07,12.67,0.99,354.6,0.434,52.81,0.227,0.366,0.503
FK9729,PFIZER\BIONTECH,16364857.0,1404,205.0,19.0,85.79,12.53,1.16,477.44,0.429,71.11,0.267,0.371,0.488
FW1331,PFIZER\BIONTECH,244069.0,128,3.0,1.0,524.44,12.29,4.1,7.12,0.421,1.06,0.943,0.0,0.898
FL3198,PFIZER\BIONTECH,13076904.0,840,159.0,8.0,64.24,12.16,0.61,381.51,0.417,56.82,0.141,0.352,0.482
FJ8762,PFIZER\BIONTECH,13225741.0,997,151.0,9.0,75.38,11.42,0.68,385.86,0.391,57.47,0.157,0.329,0.454
EY0584,PFIZER\BIONTECH,1873612.0,394,21.0,2.0,210.29,11.21,1.07,54.66,0.384,8.14,0.246,0.22,0.549
32030BD,PFIZER\BIONTECH,12522432.0,842,138.0,16.0,67.24,11.02,1.28,365.34,0.378,54.41,0.294,0.315,0.441
30130BA,PFIZER\BIONTECH,9552305.0,549,104.0,7.0,57.47,10.89,0.73,278.69,0.373,41.51,0.169,0.301,0.445
FJ9943,PFIZER\BIONTECH,6440158.0,447,66.0,1.0,69.41,10.25,0.16,187.89,0.351,27.98,0.036,0.267,0.436
FL3197,PFIZER\BIONTECH,12742787.0,920,129.0,8.0,72.2,10.12,0.63,371.77,0.347,55.37,0.144,0.287,0.407
FK9893,PFIZER\BIONTECH,14702022.0,1213,148.0,18.0,82.51,10.07,1.22,428.93,0.345,63.88,0.282,0.289,0.401
FP7138,PFIZER\BIONTECH,3392622.0,619,34.0,5.0,182.45,10.02,1.47,98.98,0.344,14.74,0.339,0.228,0.459
FJ5682,PFIZER\BIONTECH,8315939.0,462,79.0,7.0,55.56,9.5,0.84,242.61,0.326,36.13,0.194,0.254,0.397
FJ4989,PFIZER\BIONTECH,8924150.0,622,85.0,8.0,69.7,9.52,0.9,260.36,0.326,38.78,0.206,0.257,0.396
FP7137,PFIZER\BIONTECH,3386093.0,387,31.0,1.0,114.29,9.16,0.3,98.79,0.314,14.71,0.068,0.203,0.424
FJ1614,PFIZER\BIONTECH,11445990.0,468,105.0,8.0,40.89,9.17,0.7,333.93,0.314,49.73,0.161,0.254,0.375
33130BA,PFIZER\BIONTECH,14340770.0,1099,129.0,12.0,76.63,9.0,0.84,418.39,0.308,62.31,0.193,0.255,0.362
FL3209,PFIZER\BIONTECH,11802830.0,638,96.0,9.0,54.05,8.13,0.76,344.34,0.279,51.29,0.175,0.223,0.335
P0001332,PFIZER\BIONTECH,246180.0,6,2.0,0.0,24.37,8.12,0.0,7.18,0.278,1.07,0.0,0.0,0.665
FK9895,PFIZER\BIONTECH,15823382.0,1266,125.0,15.0,80.01,7.9,0.95,461.64,0.271,68.75,0.218,0.223,0.318
FJ4991,PFIZER\BIONTECH,7081066.0,699,55.0,4.0,98.71,7.77,0.56,206.59,0.266,30.77,0.13,0.196,0.337
FM0698,PFIZER\BIONTECH,15511209.0,1505,109.0,7.0,97.03,7.03,0.45,452.53,0.241,67.4,0.104,0.196,0.286
FK9896,PFIZER\BIONTECH,15880474.0,976,109.0,8.0,61.46,6.86,0.5,463.31,0.235,69.0,0.116,0.191,0.279
33030BD,PFIZER\BIONTECH,12802646.0,482,84.0,6.0,37.65,6.56,0.47,373.51,0.225,55.63,0.108,0.177,0.273
FJ5683,PFIZER\BIONTECH,8304968.0,391,48.0,4.0,47.08,5.78,0.48,242.29,0.198,36.09,0.111,0.142,0.254
33036BD,PFIZER\BIONTECH,10252153.0,386,45.0,4.0,37.65,4.39,0.39,299.1,0.15,44.55,0.09,0.106,0.194
FW1330,PFIZER\BIONTECH,232483.0,61,1.0,0.0,262.38,4.3,0.0,6.78,0.147,1.01,0.0,0.0,0.437
FP7140,PFIZER\BIONTECH,2342823.0,537,10.0,1.0,229.21,4.27,0.43,68.35,0.146,10.18,0.098,0.056,0.237
FT9142,PFIZER\BIONTECH,9218113.0,1280,39.0,2.0,138.86,4.23,0.22,268.94,0.145,40.05,0.05,0.1,0.191
33025BD,PFIZER\BIONTECH,8837557.0,409,37.0,4.0,46.28,4.19,0.45,257.83,0.144,38.4,0.104,0.097,0.19
FP7141,PFIZER\BIONTECH,1915604.0,480,7.0,0.0,250.57,3.65,0.0,55.89,0.125,8.32,0.0,0.032,0.218
FK5127,PFIZER\BIONTECH,42937475.0,3364,131.0,4.0,78.35,3.05,0.09,1252.69,0.105,186.57,0.021,0.087,0.122
FK5618,PFIZER\BIONTECH,36366750.0,2543,106.0,6.0,69.93,2.91,0.16,1060.99,0.1,158.02,0.038,0.081,0.119
FL0007,PFIZER\BIONTECH,41523590.0,1794,79.0,1.0,43.2,1.9,0.02,1211.44,0.065,180.43,0.006,0.051,0.08
FL2757,PFIZER\BIONTECH,5400838.0,1113,10.0,0.0,206.08,1.85,0.0,157.57,0.063,23.47,0.0,0.024,0.103
FL8095,PFIZER\BIONTECH,21894549.0,1438,32.0,4.0,65.68,1.46,0.18,638.77,0.05,95.14,0.042,0.033,0.067
FL8094,PFIZER\BIONTECH,21745482.0,1409,26.0,0.0,64.8,1.2,0.0,634.42,0.041,94.49,0.0,0.025,0.057
FT1551,PFIZER\BIONTECH,2786519.0,420,2.0,0.0,150.73,0.72,0.0,81.3,0.025,12.11,0.0,0.0,0.059
FW1333,PFIZER\BIONTECH,147091.0,37,0.0,0.0,251.54,0.0,0.0,4.29,0.0,0.64,0.0,,
